date,temp_early_morning
2021-01-01,46.0
2021-01-02,48.0
2021-01-03,60.0
2021-01-04,65.0
2021-01-05,62.0
2021-01-06,65.0
2021-01-07,53.0
2021-01-08,50.0
2021-01-09,47.0
2021-01-10,43.0
2021-01-11,38.0
2021-01-12,43.0
2021-01-13,49.0
2021-01-14,60.0
2021-01-15,54.0
2021-01-16,52.0
2021-01-17,56.0
2021-01-18,63.0
2021-01-19,70.0
2021-01-20,62.0
2021-01-21,67.0
2021-01-22,67.0
2021-01-23,62.0
2021-01-24,70.0
2021-01-25,75.0
2021-01-26,73.0
2021-01-27,62.0
2021-01-28,48.0
2021-01-29,56.0
2021-01-30,70.0
2021-01-31,61.0
2021-02-01,51.0
2021-02-02,57.0
2021-02-03,63.0
2021-02-04,73.0
2021-02-05,55.0
2021-02-06,54.0
2021-02-07,52.0
2021-02-08,65.0
2021-02-09,66.0
2021-02-10,65.0
2021-02-11,43.0
2021-02-12,38.0
2021-02-13,38.0
2021-02-14,37.0
2021-02-15,19.9
2021-02-16,21.9
2021-02-17,34.0
2021-02-18,34.0
2021-02-19,35.0
2021-02-20,46.0
2021-02-21,65.0
2021-02-22,65.0
2021-02-23,68.0
2021-02-24,73.0
2021-02-25,71.0
2021-02-26,73.0
2021-02-27,73.0
2021-02-28,75.0
2021-03-01,60.0
2021-03-02,51.0
2021-03-03,57.0
2021-03-04,62.0
2021-03-05,65.0
2021-03-06,61.0
2021-03-07,60.0
2021-03-08,64.0
2021-03-09,72.0
2021-03-10,73.0
2021-03-11,74.0
2021-03-12,75.0
2021-03-13,75.0
2021-03-14,73.0
2021-03-15,66.0
2021-03-16,70.0
2021-03-17,74.0
2021-03-18,55.0
2021-03-19,55.0
2021-03-20,56.0
2021-03-21,57.0
2021-03-22,68.0
2021-03-23,68.0
2021-03-24,69.0
2021-03-25,71.0
2021-03-26,70.0
2021-03-27,73.0
2021-03-28,65.0
2021-03-29,64.0
2021-03-30,72.0
2021-03-31,78.0
2021-04-01,61.0
2021-04-02,59.0
2021-04-03,60.0
2021-04-04,66.0
2021-04-05,72.0
2021-04-06,74.0
2021-04-07,77.0
2021-04-08,74.0
2021-04-09,77.0
2021-04-10,70.0
2021-04-11,71.0
2021-04-12,76.0
2021-04-13,73.0
2021-04-14,76.0
2021-04-15,65.0
2021-04-16,65.0
2021-04-17,59.0
2021-04-18,59.0
2021-04-19,66.0
2021-04-20,70.0
2021-04-21,55.0
2021-04-22,64.0
2021-04-23,74.0
2021-04-24,81.0
2021-04-25,73.0
2021-04-26,75.0
2021-04-27,77.0
2021-04-28,82.0
2021-04-29,81.0
2021-04-30,72.0
2021-05-01,71.0
2021-05-02,78.0
2021-05-03,81.0
2021-05-04,81.0
2021-05-05,69.0
2021-05-06,75.0
2021-05-07,80.0
2021-05-08,80.0
2021-05-09,81.0
2021-05-10,84.0
2021-05-11,85.0
2021-05-12,67.0
2021-05-13,72.0
2021-05-14,72.0
2021-05-15,79.0
2021-05-16,78.0
2021-05-17,82.0
2021-05-18,78.0
2021-05-19,70.0
2021-05-20,77.0
2021-05-21,79.0
2021-05-22,80.0
2021-05-23,77.0
2021-05-24,80.0
2021-05-25,82.0
2021-05-26,83.0
2021-05-27,83.0
2021-05-28,84.0
2021-05-29,81.0
2021-05-30,76.0
2021-05-31,82.0
2021-06-01,82.0
2021-06-02,82.0
2021-06-03,81.0
2021-06-04,77.0
2021-06-05,81.0
2021-06-06,83.0
2021-06-07,87.0
2021-06-08,86.0
2021-06-09,88.0
2021-06-10,86.0
2021-06-11,85.0
2021-06-12,87.0
2021-06-13,88.0
2021-06-14,91.0
2021-06-15,91.0
2021-06-16,86.0
2021-06-17,90.0
2021-06-18,88.0
2021-06-19,88.0
2021-06-20,88.0
2021-06-21,88.0
2021-06-22,84.0
2021-06-23,87.0
2021-06-24,90.0
2021-06-25,90.0
2021-06-26,89.0
2021-06-27,87.0
2021-06-28,75.0
2021-06-29,85.0
2021-06-30,86.0
2021-07-01,86.0
2021-07-02,86.0
2021-07-03,86.0
2021-07-04,84.0
2021-07-05,86.0
2021-07-06,77.0
2021-07-07,77.0
2021-07-08,81.0
2021-07-09,75.0
2021-07-10,86.0
2021-07-11,86.0
2021-07-12,87.0
2021-07-13,87.0
2021-07-14,86.0
2021-07-15,86.0
2021-07-16,87.0
2021-07-17,87.0
2021-07-18,88.0
2021-07-19,88.0
2021-07-20,82.0
2021-07-21,86.0
2021-07-22,86.0
2021-07-23,89.0
2021-07-24,87.0
2021-07-25,86.0
2021-07-26,85.0
2021-07-27,86.0
2021-07-28,88.0
2021-07-29,89.0
2021-07-30,89.0
2021-07-31,88.0
2021-08-01,88.0
2021-08-02,88.0
2021-08-03,83.0
2021-08-04,85.0
2021-08-05,86.0
2021-08-06,85.0
2021-08-07,88.0
2021-08-08,89.0
2021-08-09,89.0
2021-08-10,89.0
2021-08-11,90.0
2021-08-12,88.0
2021-08-13,87.0
2021-08-14,87.0
2021-08-15,87.0
2021-08-16,83.0
2021-08-17,87.0
2021-08-18,89.0
2021-08-19,89.0
2021-08-20,89.0
2021-08-21,89.0
2021-08-22,87.0
2021-08-23,87.0
2021-08-24,88.0
2021-08-25,89.0
2021-08-26,89.0
2021-08-27,81.0
2021-08-28,84.0
2021-08-29,85.0
2021-08-30,87.0
2021-08-31,87.0
2021-09-01,90.0
2021-09-02,89.0
2021-09-03,87.0
2021-09-04,87.0
2021-09-05,87.0
2021-09-06,77.0
2021-09-07,85.0
2021-09-08,86.0
2021-09-09,87.0
2021-09-10,86.0
2021-09-11,85.0
2021-09-12,85.0
2021-09-13,75.0
2021-09-14,74.0
2021-09-15,76.0
2021-09-16,78.0
2021-09-17,83.0
2021-09-18,84.0
2021-09-19,83.0
2021-09-20,86.0
2021-09-21,88.0
2021-09-22,75.0
2021-09-23,78.0
2021-09-24,78.0
2021-09-25,78.0
2021-09-26,79.0
2021-09-27,83.0
2021-09-28,84.0
2021-09-29,74.0
2021-09-30,85.0
2021-10-01,80.0
2021-10-02,82.0
2021-10-03,82.0
2021-10-04,81.0
2021-10-05,79.0
2021-10-06,79.0
2021-10-07,81.0
2021-10-08,80.0
2021-10-09,82.0
2021-10-10,84.0
2021-10-11,77.0
2021-10-12,86.0
2021-10-13,85.0
2021-10-14,82.0
2021-10-15,83.0
2021-10-16,67.0
2021-10-17,67.0
2021-10-18,70.0
2021-10-19,75.0
2021-10-20,78.0
2021-10-21,78.0
2021-10-22,79.0
2021-10-23,82.0
2021-10-24,81.0
2021-10-25,80.0
2021-10-26,81.0
2021-10-27,66.0
2021-10-28,70.0
2021-10-29,65.0
2021-10-30,62.0
2021-10-31,71.0
2021-11-01,72.0
2021-11-02,73.0
2021-11-03,70.0
2021-11-04,53.0
2021-11-05,56.0
2021-11-06,58.0
2021-11-07,66.0
2021-11-08,72.0
2021-11-09,74.0
2021-11-10,75.0
2021-11-11,70.0
2021-11-12,70.0
2021-11-13,61.0
2021-11-14,72.0
2021-11-15,77.0
2021-11-16,79.0
2021-11-17,81.0
2021-11-18,67.0
2021-11-19,57.0
2021-11-20,71.0
2021-11-21,77.0
2021-11-22,65.0
2021-11-23,66.0
2021-11-24,76.0
2021-11-25,71.0
2021-11-26,54.0
2021-11-27,58.0
2021-11-28,58.0
2021-11-29,61.0
2021-11-30,68.0
2021-12-01,72.0
2021-12-02,72.0
2021-12-03,72.0
2021-12-04,72.0
2021-12-05,75.0
2021-12-06,79.0
2021-12-07,59.0
2021-12-08,66.0
2021-12-09,79.0
2021-12-10,80.0
2021-12-11,63.0
2021-12-12,51.0
2021-12-13,64.0
2021-12-14,73.0
2021-12-15,77.0
2021-12-16,78.0
2021-12-17,76.0
2021-12-18,76.0
2021-12-19,52.0
2021-12-20,51.0
2021-12-21,52.0
2021-12-22,65.0
2021-12-23,71.0
2021-12-24,76.0
2021-12-25,76.0
2021-12-26,75.0
2021-12-27,75.0
2021-12-28,78.0
2021-12-29,77.0
2021-12-30,77.0
2021-12-31,78.0
2022-01-01,79.0
2022-01-02,37.0
2022-01-03,44.0
2022-01-04,55.0
2022-01-05,67.0
2022-01-06,67.0
2022-01-07,45.0
2022-01-08,69.0
2022-01-09,75.0
2022-01-10,52.0
2022-01-11,51.0
2022-01-12,54.0
2022-01-13,60.0
2022-01-14,65.0
2022-01-15,49.0
2022-01-16,43.0
2022-01-17,57.0
2022-01-18,68.0
2022-01-19,73.0
2022-01-20,44.0
2022-01-21,39.0
2022-01-22,40.0
2022-01-23,49.0
2022-01-24,51.0
2022-01-25,51.0
2022-01-26,45.0
2022-01-27,50.0
2022-01-28,49.0
2022-01-29,51.0
2022-01-30,58.0
2022-01-31,61.0
2022-02-01,62.0
2022-02-02,62.0
2022-02-03,40.0
2022-02-04,28.0
2022-02-05,39.0
2022-02-06,47.0
2022-02-07,54.0
2022-02-08,53.0
2022-02-09,56.0
2022-02-10,57.0
2022-02-11,62.0
2022-02-12,60.0
2022-02-13,45.0
2022-02-14,55.0
2022-02-15,67.0
2022-02-16,72.0
2022-02-17,71.0
2022-02-18,43.0
2022-02-19,53.0
2022-02-20,60.0
2022-02-21,73.0
2022-02-22,74.0
2022-02-23,54.0
2022-02-24,44.0
2022-02-25,41.0
2022-02-26,42.0
2022-02-27,46.0
2022-02-28,53.0
2022-03-01,59.0
2022-03-02,60.0
2022-03-03,68.0
2022-03-04,67.0
2022-03-05,74.0
2022-03-06,75.0
2022-03-07,52.0
2022-03-08,48.0
2022-03-09,53.0
2022-03-10,57.0
2022-03-11,62.0
2022-03-12,46.0
2022-03-13,52.0
2022-03-14,68.0
2022-03-15,62.0
2022-03-16,61.0
2022-03-17,67.0
2022-03-18,60.0
2022-03-19,65.0
2022-03-20,64.0
2022-03-21,70.0
2022-03-22,60.0
2022-03-23,59.0
2022-03-24,62.0
2022-03-25,66.0
2022-03-26,69.0
2022-03-27,71.0
2022-03-28,73.0
2022-03-29,74.0
2022-03-30,72.0
2022-03-31,61.0
2022-04-01,69.0
2022-04-02,69.0
2022-04-03,72.0
2022-04-04,73.0
2022-04-05,77.0
2022-04-06,75.0
2022-04-07,66.0
2022-04-08,67.0
2022-04-09,71.0
2022-04-10,75.0
2022-04-11,75.0
2022-04-12,75.0
2022-04-13,76.0
2022-04-14,72.0
2022-04-15,73.0
2022-04-16,77.0
2022-04-17,77.0
2022-04-18,66.0
2022-04-19,68.0
2022-04-20,76.0
2022-04-21,79.0
2022-04-22,79.0
2022-04-23,77.0
2022-04-24,80.0
2022-04-25,80.0
2022-04-26,68.0
2022-04-27,70.0
2022-04-28,75.0
2022-04-29,79.0
2022-04-30,81.0
2022-05-01,81.0
2022-05-02,79.0
2022-05-03,80.0
2022-05-04,81.0
2022-05-05,79.0
2022-05-06,79.0
2022-05-07,81.0
2022-05-08,84.0
2022-05-09,84.0
2022-05-10,82.0
2022-05-11,82.0
2022-05-12,81.0
2022-05-13,81.0
2022-05-14,80.0
2022-05-15,82.0
2022-05-16,81.0
2022-05-17,81.0
2022-05-18,83.0
2022-05-19,86.0
2022-05-20,86.0
2022-05-21,87.0
2022-05-22,77.0
2022-05-23,73.0
2022-05-24,80.0
2022-05-25,71.0
2022-05-26,81.0
2022-05-27,82.0
2022-05-28,81.0
2022-05-29,85.0
2022-05-30,86.0
2022-05-31,86.0
2022-06-01,84.0
2022-06-02,82.0
2022-06-03,81.0
2022-06-04,83.0
2022-06-05,84.0
2022-06-06,85.0
2022-06-07,85.0
2022-06-08,86.0
2022-06-09,86.0
2022-06-10,84.0
2022-06-11,85.0
2022-06-12,88.0
2022-06-13,89.0
2022-06-14,88.0
2022-06-15,89.0
2022-06-16,86.0
2022-06-17,87.0
2022-06-18,86.0
2022-06-19,89.0
2022-06-20,91.0
2022-06-21,83.0
2022-06-22,87.0
2022-06-23,88.0
2022-06-24,87.0
2022-06-25,88.0
2022-06-26,87.0
2022-06-27,90.0
2022-06-28,85.0
2022-06-29,85.0
2022-06-30,77.0
2022-07-01,80.0
2022-07-02,88.0
2022-07-03,88.0
2022-07-04,87.0
2022-07-05,88.0
2022-07-06,88.0
2022-07-07,89.0
2022-07-08,89.0
2022-07-09,87.0
2022-07-10,89.0
2022-07-11,88.0
2022-07-12,89.0
2022-07-13,90.0
2022-07-14,87.0
2022-07-15,85.0
2022-07-16,87.0
2022-07-17,86.0
2022-07-18,89.0
2022-07-19,90.0
2022-07-20,90.0
2022-07-21,88.0
2022-07-22,88.0
2022-07-23,88.0
2022-07-24,88.0
2022-07-25,87.0
2022-07-26,87.0
2022-07-27,89.0
2022-07-28,88.0
2022-07-29,89.0
2022-07-30,88.0
2022-07-31,89.0
2022-08-01,89.0
2022-08-02,90.0
2022-08-03,90.0
2022-08-04,90.0
2022-08-05,87.0
2022-08-06,79.0
2022-08-07,87.0
2022-08-08,86.0
2022-08-09,88.0
2022-08-10,88.0
2022-08-11,82.0
2022-08-12,85.0
2022-08-13,86.0
2022-08-14,80.0
2022-08-15,88.0
2022-08-16,87.0
2022-08-17,87.0
2022-08-18,88.0
2022-08-19,79.0
2022-08-20,86.0
2022-08-21,86.0
2022-08-22,86.0
2022-08-23,82.0
2022-08-24,79.0
2022-08-25,85.0
2022-08-26,86.0
2022-08-27,85.0
2022-08-28,86.0
2022-08-29,81.0
2022-08-30,86.0
2022-08-31,87.0
2022-09-01,89.0
2022-09-02,84.0
2022-09-03,84.0
2022-09-04,77.0
2022-09-05,77.0
2022-09-06,84.0
2022-09-07,84.0
2022-09-08,83.0
2022-09-09,83.0
2022-09-10,85.0
2022-09-11,85.0
2022-09-12,81.0
2022-09-13,81.0
2022-09-14,82.0
2022-09-15,83.0
2022-09-16,84.0
2022-09-17,84.2
2022-09-18,85.0
2022-09-19,86.0
2022-09-20,86.0
2022-09-21,85.0
2022-09-22,87.0
2022-09-23,88.0
2022-09-24,85.0
2022-09-25,85.0
2022-09-26,86.0
2022-09-27,80.0
2022-09-28,78.0
2022-09-29,72.0
2022-09-30,72.0
2022-10-01,74.0
2022-10-02,74.0
2022-10-03,73.0
2022-10-04,75.0
2022-10-05,77.0
2022-10-06,76.0
2022-10-07,80.0
2022-10-08,78.0
2022-10-09,76.0
2022-10-10,78.0
2022-10-11,79.0
2022-10-12,83.0
2022-10-13,76.0
2022-10-14,76.0
2022-10-15,80.0
2022-10-16,82.0
2022-10-17,70.0
2022-10-18,59.0
2022-10-19,56.0
2022-10-20,67.0
2022-10-21,72.0
2022-10-22,77.0
2022-10-23,81.0
2022-10-24,76.0
2022-10-25,62.0
2022-10-26,65.0
2022-10-27,66.0
2022-10-28,71.0
2022-10-29,60.0
2022-10-30,64.0
2022-10-31,71.0
2022-11-01,66.0
2022-11-02,68.0
2022-11-03,75.0
2022-11-04,79.0
2022-11-05,64.0
2022-11-06,80.0
2022-11-07,79.0
2022-11-08,80.0
2022-11-09,77.0
2022-11-10,77.0
2022-11-11,77.0
2022-11-12,50.0
2022-11-13,51.0
2022-11-14,56.0
2022-11-15,48.0
2022-11-16,46.0
2022-11-17,52.0
2022-11-18,53.0
2022-11-19,47.0
2022-11-20,48.0
2022-11-21,46.0
2022-11-22,50.0
2022-11-23,63.0
2022-11-24,67.0
2022-11-25,61.0
2022-11-26,57.0
2022-11-27,65.0
2022-11-28,64.0
2022-11-29,78.0
2022-11-30,56.0
2022-12-01,52.0
2022-12-02,68.0
2022-12-03,74.0
2022-12-04,64.0
2022-12-05,73.0
2022-12-06,76.0
2022-12-07,75.0
2022-12-08,77.0
2022-12-09,76.0
2022-12-10,76.0
2022-12-11,67.0
2022-12-12,68.0
2022-12-13,77.0
2022-12-14,62.0
2022-12-15,56.0
2022-12-16,62.0
2022-12-17,48.0
2022-12-18,50.0
2022-12-19,50.0
2022-12-20,50.0
2022-12-21,49.0
2022-12-22,54.0
2022-12-23,21.9
2022-12-24,30.0
2022-12-25,40.0
2022-12-26,49.0
2022-12-27,44.0
2022-12-28,68.0
2022-12-29,74.0
2022-12-30,62.0
2022-12-31,59.0
2023-01-01,69.0
2023-01-02,75.0
2023-01-03,73.0
2023-01-04,67.0
2023-01-05,64.0
2023-01-06,68.0
2023-01-07,72.0
2023-01-08,60.0
2023-01-09,60.0
2023-01-10,64.0
2023-01-11,73.0
2023-01-12,62.0
2023-01-13,51.0
2023-01-14,55.0
2023-01-15,68.0
2023-01-16,74.0
2023-01-17,71.0
2023-01-18,74.0
2023-01-19,64.0
2023-01-20,53.0
2023-01-21,52.0
2023-01-22,53.0
2023-01-23,51.0
2023-01-24,57.0
2023-01-25,47.0
2023-01-26,48.0
2023-01-27,53.0
2023-01-28,66.0
2023-01-29,72.0
2023-01-30,47.0
2023-01-31,42.0
2023-02-01,40.0
2023-02-02,41.0
2023-02-03,46.0
2023-02-04,53.0
2023-02-05,64.0
2023-02-06,69.0
2023-02-07,70.0
2023-02-08,74.0
2023-02-09,58.0
2023-02-10,57.0
2023-02-11,46.0
2023-02-12,53.0
2023-02-13,63.0
2023-02-14,71.0
2023-02-15,71.0
2023-02-16,59.0
2023-02-17,41.0
2023-02-18,50.0
2023-02-19,66.0
2023-02-20,71.0
2023-02-21,75.0
2023-02-22,74.0
2023-02-23,76.0
2023-02-24,74.0
2023-02-25,74.0
2023-02-26,76.0
2023-02-27,76.0
2023-02-28,75.0
2023-03-01,77.0
2023-03-02,79.0
2023-03-03,64.0
2023-03-04,66.0
2023-03-05,70.0
2023-03-06,74.0
2023-03-07,72.0
2023-03-08,76.0
2023-03-09,78.0
2023-03-10,77.0
2023-03-11,78.0
2023-03-12,77.0
2023-03-13,56.0
2023-03-14,57.0
2023-03-15,59.0
2023-03-16,72.0
2023-03-17,47.0
2023-03-18,48.0
2023-03-19,47.0
2023-03-20,53.0
2023-03-21,67.0
2023-03-22,75.0
2023-03-23,74.0
2023-03-24,75.0
2023-03-25,77.0
2023-03-26,71.0
2023-03-27,70.0
2023-03-28,69.0
2023-03-29,63.0
2023-03-30,69.0
2023-03-31,76.0
2023-04-01,78.0
2023-04-02,74.0
2023-04-03,78.0
2023-04-04,79.0
2023-04-05,79.0
2023-04-06,64.0
2023-04-07,60.0
2023-04-08,57.0
2023-04-09,67.0
2023-04-10,63.0
2023-04-11,68.0
2023-04-12,69.0
2023-04-13,69.0
2023-04-14,75.0
2023-04-15,78.0
2023-04-16,66.0
2023-04-17,70.0
2023-04-18,70.0
2023-04-19,77.0
2023-04-20,77.0
2023-04-21,71.0
2023-04-22,71.0
2023-04-23,65.0
2023-04-24,59.0
2023-04-25,71.0
2023-04-26,73.0
2023-04-27,67.0
2023-04-28,75.0
2023-04-29,59.0
2023-04-30,70.0
2023-05-01,76.0
2023-05-02,75.0
2023-05-03,76.0
2023-05-04,76.0
2023-05-05,83.0
2023-05-06,81.0
2023-05-07,78.0
2023-05-08,79.0
2023-05-09,78.0
2023-05-10,67.0
2023-05-11,81.0
2023-05-12,82.0
2023-05-13,81.0
2023-05-14,73.0
2023-05-15,82.0
2023-05-16,81.0
2023-05-17,78.0
2023-05-18,80.0
2023-05-19,82.0
2023-05-20,81.0
2023-05-21,74.0
2023-05-22,77.0
2023-05-23,81.0
2023-05-24,83.0
2023-05-25,78.0
2023-05-26,83.0
2023-05-27,82.0
2023-05-28,83.0
2023-05-29,81.0
2023-05-30,82.0
2023-05-31,82.0
2023-06-01,83.0
2023-06-02,83.0
2023-06-03,82.0
2023-06-04,76.0
2023-06-05,81.0
2023-06-06,78.0
2023-06-07,81.0
2023-06-08,83.0
2023-06-09,83.0
2023-06-10,84.0
2023-06-11,85.0
2023-06-12,85.0
2023-06-13,85.0
2023-06-14,87.0
2023-06-15,88.0
2023-06-16,88.0
2023-06-17,87.0
2023-06-18,90.0
2023-06-19,90.0
2023-06-20,90.0
2023-06-21,88.0
2023-06-22,87.0
2023-06-23,87.0
2023-06-24,87.0
2023-06-25,88.0
2023-06-26,87.0
2023-06-27,87.0
2023-06-28,88.0
2023-06-29,88.0
2023-06-30,88.0
2023-07-01,88.0
2023-07-02,86.0
2023-07-03,89.0
2023-07-04,88.0
2023-07-05,89.0
2023-07-06,87.0
2023-07-07,76.0
2023-07-08,87.0
2023-07-09,88.0
2023-07-10,88.0
2023-07-11,89.0
2023-07-12,89.0
2023-07-13,89.0
2023-07-14,89.0
2023-07-15,89.0
2023-07-16,87.0
2023-07-17,87.0
2023-07-18,88.0
2023-07-19,88.0
2023-07-20,87.0
2023-07-21,88.0
2023-07-22,88.0
2023-07-23,87.0
2023-07-24,88.0
2023-07-25,87.0
2023-07-26,87.0
2023-07-27,88.0
2023-07-28,87.0
2023-07-29,86.0
2023-07-30,88.0
2023-07-31,88.0
2023-08-01,86.0
2023-08-02,89.0
2023-08-03,89.0
2023-08-04,90.0
2023-08-05,90.0
2023-08-06,90.0
2023-08-07,91.0
2023-08-08,89.0
2023-08-09,91.0
2023-08-10,89.0
2023-08-11,90.0
2023-08-12,91.0
2023-08-13,90.0
2023-08-14,89.0
2023-08-15,91.0
2023-08-16,89.0
2023-08-17,89.0
2023-08-18,88.0
2023-08-19,89.0
2023-08-20,90.0
2023-08-21,91.0
2023-08-22,90.0
2023-08-23,91.0
2023-08-24,93.0
2023-08-25,93.0
2023-08-26,89.0
2023-08-27,91.0
2023-08-28,89.0
2023-08-29,87.0
2023-08-30,85.0
2023-08-31,87.0
2023-09-01,90.0
2023-09-02,89.0
2023-09-03,88.0
2023-09-04,89.0
2023-09-05,89.0
2023-09-06,89.0
2023-09-07,89.0
2023-09-08,88.0
2023-09-09,82.0
2023-09-10,84.0
2023-09-11,85.0
2023-09-12,87.0
2023-09-13,88.0
2023-09-14,82.0
2023-09-15,81.0
2023-09-16,83.0
2023-09-17,84.0
2023-09-18,86.0
2023-09-19,86.0
2023-09-20,86.0
2023-09-21,88.0
2023-09-22,87.0
2023-09-23,88.0
2023-09-24,87.0
2023-09-25,83.0
2023-09-26,81.0
2023-09-27,84.0
2023-09-28,85.0
2023-09-29,84.0
2023-09-30,85.0
2023-10-01,86.0
2023-10-02,83.0
2023-10-03,78.0
2023-10-04,82.0
2023-10-05,74.0
2023-10-06,75.0
2023-10-07,71.0
2023-10-08,67.0
2023-10-09,70.0
2023-10-10,75.0
2023-10-11,68.0
2023-10-12,71.0
2023-10-13,81.0
2023-10-14,69.0
2023-10-15,65.0
2023-10-16,61.0
2023-10-17,64.0
2023-10-18,72.0
2023-10-19,77.0
2023-10-20,75.0
2023-10-21,78.0
2023-10-22,80.0
2023-10-23,81.0
2023-10-24,83.0
2023-10-25,82.0
2023-10-26,82.0
2023-10-27,80.0
2023-10-28,81.0
2023-10-29,81.0
2023-10-30,48.0
2023-10-31,48.0
2023-11-01,48.0
2023-11-02,54.0
2023-11-03,62.0
2023-11-04,71.0
2023-11-05,76.0
2023-11-06,78.0
2023-11-07,81.0
2023-11-08,80.0
2023-11-09,79.0
2023-11-10,62.0
2023-11-11,58.0
2023-11-12,61.0
2023-11-13,63.0
2023-11-14,64.0
2023-11-15,66.0
2023-11-16,63.0
2023-11-17,64.0
2023-11-18,70.0
2023-11-19,70.0
2023-11-20,76.0
2023-11-21,59.0
2023-11-22,54.0
2023-11-23,53.0
2023-11-24,58.0
2023-11-25,60.0
2023-11-26,60.0
2023-11-27,49.0
2023-11-28,53.0
2023-11-29,59.0
2023-11-30,69.0
2023-12-01,72.0
2023-12-02,66.0
2023-12-03,61.0
2023-12-04,62.0
2023-12-05,60.0
2023-12-06,58.0
2023-12-07,64.0
2023-12-08,72.0
2023-12-09,77.0
2023-12-10,53.0
2023-12-11,55.0
2023-12-12,60.0
2023-12-13,58.0
2023-12-14,60.0
2023-12-15,62.0
2023-12-16,57.0
2023-12-17,55.0
2023-12-18,62.0
2023-12-19,57.0
2023-12-20,60.0
2023-12-21,61.0
2023-12-22,64.0
2023-12-23,67.0
2023-12-24,67.0
2023-12-25,50.0
2023-12-26,50.0
2023-12-27,58.0
2023-12-28,50.0
2023-12-29,47.0
2023-12-30,54.0
2023-12-31,60.0
2024-01-01,63.0
2024-01-02,49.0
2024-01-03,48.0
2024-01-04,55.0
2024-01-05,51.0
2024-01-06,51.0
2024-01-07,56.0
2024-01-08,68.0
2024-01-09,47.0
2024-01-10,58.0
2024-01-11,69.0
2024-01-12,58.0
2024-01-13,53.0
2024-01-14,45.0
2024-01-15,30.0
2024-01-16,24.0
2024-01-17,33.0
2024-01-18,55.0
2024-01-19,50.0
2024-01-20,37.0
2024-01-21,39.0
2024-01-22,56.0
2024-01-23,65.0
2024-01-24,64.0
2024-01-25,64.0
2024-01-26,61.0
2024-01-27,57.0
2024-01-28,48.0
2024-01-29,57.0
2024-01-30,59.0
2024-01-31,64.0
2024-02-01,64.0
2024-02-02,69.0
2024-02-03,60.0
2024-02-04,63.0
2024-02-05,58.0
2024-02-06,59.0
2024-02-07,63.0
2024-02-08,72.0
2024-02-09,70.0
2024-02-10,70.0
2024-02-11,72.0
2024-02-12,50.0
2024-02-13,57.0
2024-02-14,60.0
2024-02-15,67.0
2024-02-16,64.0
2024-02-17,49.0
2024-02-18,44.0
2024-02-19,53.0
2024-02-20,66.0
2024-02-21,71.0
2024-02-22,72.0
2024-02-23,70.0
2024-02-24,71.0
2024-02-25,72.0
2024-02-26,72.0
2024-02-27,78.0
2024-02-28,68.0
2024-02-29,55.0
2024-03-01,56.0
2024-03-02,65.0
2024-03-03,69.0
2024-03-04,74.0
2024-03-05,77.0
2024-03-06,69.0
2024-03-07,74.0
2024-03-08,74.0
2024-03-09,53.0
2024-03-10,56.0
2024-03-11,62.0
2024-03-12,69.0
2024-03-13,70.0
2024-03-14,75.0
2024-03-15,76.0
2024-03-16,67.0
2024-03-17,73.0
2024-03-18,63.0
2024-03-19,57.0
2024-03-20,63.0
2024-03-21,64.0
2024-03-22,64.0
2024-03-23,65.0
2024-03-24,68.0
2024-03-25,70.0
2024-03-26,58.0
2024-03-27,58.0
2024-03-28,64.0
2024-03-29,70.0
2024-03-30,74.0
2024-03-31,75.0
2024-04-01,76.0
2024-04-02,75.0
2024-04-03,65.0
2024-04-04,71.0
2024-04-05,73.0
2024-04-06,74.0
2024-04-07,78.0
2024-04-08,76.0
2024-04-09,76.0
2024-04-10,69.0
2024-04-11,70.0
2024-04-12,73.0
2024-04-13,73.0
2024-04-14,75.0
2024-04-15,77.0
2024-04-16,78.0
2024-04-17,77.0
2024-04-18,78.0
2024-04-19,79.0
2024-04-20,79.0
2024-04-21,57.0
2024-04-22,67.0
2024-04-23,73.0
2024-04-24,75.0
2024-04-25,76.0
2024-04-26,77.0
2024-04-27,80.0
2024-04-28,77.0
2024-04-29,74.0
2024-04-30,77.0
2024-05-01,79.0
2024-05-02,79.0
2024-05-03,73.0
2024-05-04,80.0
2024-05-05,76.0
2024-05-06,81.0
2024-05-07,80.0
2024-05-08,83.0
2024-05-09,84.0
2024-05-10,80.0
2024-05-11,78.0
2024-05-12,74.0
2024-05-13,82.0
2024-05-14,78.0
2024-05-15,82.0
2024-05-16,82.0
2024-05-17,73.0
2024-05-18,73.0
2024-05-19,84.0
2024-05-20,83.0
2024-05-21,85.0
2024-05-22,85.0
2024-05-23,85.0
2024-05-24,86.0
2024-05-25,86.0
2024-05-26,86.0
2024-05-27,86.0
2024-05-28,87.0
2024-05-29,75.0
2024-05-30,85.0
2024-05-31,69.0
2024-06-01,86.0
2024-06-02,85.0
2024-06-03,86.0
2024-06-04,86.0
2024-06-05,85.0
2024-06-06,85.0
2024-06-07,87.0
2024-06-08,86.0
2024-06-09,87.0
2024-06-10,85.0
2024-06-11,86.0
2024-06-12,85.0
2024-06-13,87.0
2024-06-14,87.0
2024-06-15,87.0
2024-06-16,87.0
2024-06-17,89.0
2024-06-18,87.0
2024-06-19,79.0
2024-06-20,84.0
2024-06-21,85.0
2024-06-22,88.0
2024-06-23,88.0
2024-06-24,87.0
2024-06-25,88.0
2024-06-26,87.0
2024-06-27,88.0
2024-06-28,88.0
2024-06-29,89.0
2024-06-30,89.0
2024-07-01,89.0
2024-07-02,88.0
2024-07-03,86.0
2024-07-04,89.0
2024-07-05,88.0
2024-07-06,89.0
2024-07-07,86.0
2024-07-08,
2024-07-09,
2024-07-10,89.0
2024-07-11,85.3
2024-07-12,85.0
2024-07-13,80.0
2024-07-14,87.0
2024-07-15,85.0
2024-07-16,86.0
2024-07-17,86.0
2024-07-18,77.0
2024-07-19,84.0
2024-07-20,82.0
2024-07-21,87.0
2024-07-22,86.0
2024-07-23,81.0
2024-07-24,76.0
2024-07-25,74.0
2024-07-26,75.0
2024-07-27,77.0
2024-07-28,80.6
2024-07-29,87.0
2024-07-30,86.0
2024-07-31,87.0
2024-08-01,86.0
2024-08-02,87.0
2024-08-03,88.0
2024-08-04,78.0
2024-08-05,91.0
2024-08-06,89.0
2024-08-07,89.0
2024-08-08,88.0
2024-08-09,89.0
2024-08-10,89.0
2024-08-11,89.0
2024-08-12,90.0
2024-08-13,89.0
2024-08-14,90.0
2024-08-15,89.0
2024-08-16,89.0
2024-08-17,89.0
2024-08-18,89.0
2024-08-19,89.0
2024-08-20,87.0
2024-08-21,91.0
2024-08-22,90.0
2024-08-23,90.0
2024-08-24,88.0
2024-08-25,90.0
2024-08-26,78.0
2024-08-27,86.0
2024-08-28,83.0
2024-08-29,85.0
2024-08-30,78.0
2024-08-31,79.0
2024-09-01,79.0
2024-09-02,81.0
2024-09-03,83.0
2024-09-04,77.0
2024-09-05,79.0
2024-09-06,78.0
2024-09-07,78.0
2024-09-08,76.0
2024-09-09,77.0
2024-09-10,77.0
2024-09-11,77.0
2024-09-12,79.0
2024-09-13,82.0
2024-09-14,84.0
2024-09-15,85.0
2024-09-16,83.0
2024-09-17,84.0
2024-09-18,86.0
2024-09-19,86.0
2024-09-20,86.0
2024-09-21,85.0
2024-09-22,86.0
2024-09-23,85.0
2024-09-24,85.0
2024-09-25,84.0
2024-09-26,78.0
2024-09-27,79.0
2024-09-28,82.0
2024-09-29,81.0
2024-09-30,83.0
2024-10-01,83.0
2024-10-02,83.0
2024-10-03,82.0
2024-10-04,81.0
2024-10-05,78.0
2024-10-06,83.0
2024-10-07,83.0
2024-10-08,76.0
2024-10-09,74.0
2024-10-10,77.0
2024-10-11,78.0
2024-10-12,79.0
2024-10-13,79.0
2024-10-14,78.0
2024-10-15,77.0
2024-10-16,64.0
2024-10-17,65.0
2024-10-18,72.0
2024-10-19,72.0
2024-10-20,75.0
2024-10-21,74.0
2024-10-22,75.0
2024-10-23,78.0
2024-10-24,76.0
2024-10-25,80.0
2024-10-26,79.0
2024-10-27,77.0
2024-10-28,81.0
2024-10-29,82.0
2024-10-30,82.0
2024-10-31,80.0
2024-11-01,76.0
2024-11-02,78.0
2024-11-03,80.0
2024-11-04,83.0
2024-11-05,68.0
2024-11-06,75.0
2024-11-07,82.0
2024-11-08,79.0
2024-11-09,70.0
2024-11-10,77.0
2024-11-11,74.0
2024-11-12,73.0
2024-11-13,75.0
2024-11-14,69.0
2024-11-15,69.0
2024-11-16,73.0
2024-11-17,78.0
2024-11-18,81.0
2024-11-19,71.0
2024-11-20,63.0
2024-11-21,63.0
2024-11-22,66.0
2024-11-23,68.0
2024-11-24,76.0
2024-11-25,78.0
2024-11-26,57.0
2024-11-27,68.0
2024-11-28,60.0
2024-11-29,52.0
2024-11-30,53.0
2024-12-01,65.0
2024-12-02,60.0
2024-12-03,61.0
2024-12-04,70.0
2024-12-05,63.0
2024-12-06,48.0
2024-12-07,48.0
2024-12-08,57.0
2024-12-09,65.0
2024-12-10,59.0
2024-12-11,51.0
2024-12-12,60.0
2024-12-13,62.0
2024-12-14,72.0
2024-12-15,75.0
2024-12-16,73.0
2024-12-17,70.0
2024-12-18,67.0
2024-12-19,52.0
2024-12-20,61.0
2024-12-21,49.0
2024-12-22,52.0
2024-12-23,67.0
2024-12-24,69.0
2024-12-25,64.0
2024-12-26,68.0
2024-12-27,65.0
2024-12-28,75.0
2024-12-29,56.0
2024-12-30,66.0
2024-12-31,64.0
2025-01-01,54.0
2025-01-02,56.0
2025-01-03,65.0
2025-01-04,65.0
2025-01-05,76.0
2025-01-06,36.0
2025-01-07,40.0
2025-01-08,39.0
2025-01-09,44.0
2025-01-10,41.0
2025-01-11,43.0
2025-01-12,53.0
2025-01-13,50.0
2025-01-14,47.0
2025-01-15,49.0
2025-01-16,53.0
2025-01-17,59.0
2025-01-18,63.0
2025-01-19,37.0
2025-01-20,33.0
2025-01-21,27.0
2025-01-22,34.0
2025-01-23,43.0
2025-01-24,65.0
2025-01-25,59.0
2025-01-26,77.0
2025-01-27,56.0
2025-01-28,55.0
2025-01-29,60.0
2025-01-30,71.0
2025-01-31,64.0
2025-02-01,64.0
2025-02-02,67.0
2025-02-03,73.0
2025-02-04,72.0
2025-02-05,72.0
2025-02-06,73.0
2025-02-07,74.0
2025-02-08,75.0
2025-02-09,77.0
2025-02-10,64.0
2025-02-11,72.0
2025-02-12,75.0
2025-02-13,44.0
2025-02-14,49.0
2025-02-15,75.0
2025-02-16,46.0
2025-02-17,50.0
2025-02-18,57.0
2025-02-19,34.0
2025-02-20,31.0
2025-02-21,35.0
2025-02-22,40.0
2025-02-23,46.0
2025-02-24,50.0
2025-02-25,52.0
2025-02-26,69.0
2025-02-27,69.0
2025-02-28,68.0
2025-03-01,71.0
2025-03-02,67.0
2025-03-03,72.0
2025-03-04,73.0
2025-03-05,59.0
2025-03-06,63.0
2025-03-07,71.0
2025-03-08,71.0
2025-03-09,53.0
2025-03-10,57.0
2025-03-11,62.0
2025-03-12,69.0
2025-03-13,71.0
2025-03-14,74.0
2025-03-15,71.0
2025-03-16,63.0
2025-03-17,68.0
2025-03-18,71.0
2025-03-19,72.0
2025-03-20,56.0
2025-03-21,64.0
2025-03-22,70.0
2025-03-23,73.0
2025-03-24,70.0
2025-03-25,66.0
2025-03-26,76.0
2025-03-27,65.0
2025-03-28,71.0
2025-03-29,71.0
2025-03-30,76.0
2025-03-31,77.0
2025-04-01,74.0
2025-04-02,79.0
2025-04-03,81.0
2025-04-04,81.0
2025-04-05,79.0
2025-04-06,51.0
2025-04-07,55.0
2025-04-08,65.0
2025-04-09,69.0
2025-04-10,72.0
2025-04-11,73.0
2025-04-12,76.0
2025-04-13,76.0
2025-04-14,74.0
2025-04-15,73.0
2025-04-16,75.0
2025-04-17,77.0
2025-04-18,79.0
2025-04-19,77.0
2025-04-20,79.0
2025-04-21,68.0
2025-04-22,79.0
2025-04-23,74.0
2025-04-24,79.0
2025-04-25,78.0
2025-04-26,79.0
2025-04-27,81.0
2025-04-28,80.0
2025-04-29,79.0
2025-04-30,79.0
2025-05-01,81.0
2025-05-02,82.0
2025-05-03,70.0
2025-05-04,72.0
2025-05-05,76.0
2025-05-06,
2025-05-07,72.0
2025-05-08,77.0
2025-05-09,71.0
2025-05-10,73.0
2025-05-11,71.0
2025-05-12,70.0
2025-05-13,81.0
2025-05-14,82.0
2025-05-15,82.0
2025-05-16,83.0
2025-05-17,84.0
2025-05-18,85.0
2025-05-19,83.0
2025-05-20,83.0
2025-05-21,81.0
2025-05-22,83.0
2025-05-23,84.0
2025-05-24,87.0
2025-05-25,86.0
2025-05-26,87.0
2025-05-27,77.0
2025-05-28,74.0
2025-05-29,82.0
2025-05-30,80.0
2025-05-31,81.0
2025-06-01,82.0
2025-06-02,85.0
2025-06-03,86.0
2025-06-04,84.0
2025-06-05,86.0
2025-06-06,86.0
2025-06-07,87.0
2025-06-08,87.0
2025-06-09,78.0
2025-06-10,86.0
2025-06-11,83.0
2025-06-12,70.0
2025-06-13,85.0
2025-06-14,75.0
2025-06-15,87.0
2025-06-16,84.0
2025-06-17,86.0
2025-06-18,88.0
2025-06-19,86.0
2025-06-20,88.0
2025-06-21,88.0
2025-06-22,89.0
2025-06-23,87.0
2025-06-24,85.0
2025-06-25,78.0
2025-06-26,86.0
2025-06-27,85.0
2025-06-28,86.0
2025-06-29,87.0
2025-06-30,86.0
2025-07-01,85.0
2025-07-02,85.0
2025-07-03,87.0
2025-07-04,85.0
2025-07-05,85.0
2025-07-06,85.0
2025-07-07,87.0
2025-07-08,86.0
2025-07-09,84.0
2025-07-10,85.0
2025-07-11,86.0
2025-07-12,86.0
2025-07-13,87.0
2025-07-14,87.0
2025-07-15,87.0
2025-07-16,87.0
2025-07-17,84.0
2025-07-18,83.0
2025-07-19,87.0
2025-07-20,87.0
2025-07-21,86.0
2025-07-22,87.0
2025-07-23,85.0
2025-07-24,85.0
2025-07-25,80.0
2025-07-26,81.0
2025-07-27,86.0
2025-07-28,86.0
2025-07-29,83.0
2025-07-30,84.0
2025-07-31,83.0
2025-08-01,85.0
2025-08-02,86.0
2025-08-03,85.0
2025-08-04,87.0
2025-08-05,86.0
2025-08-06,87.0
2025-08-07,86.0
2025-08-08,87.0
2025-08-09,87.0
2025-08-10,84.0
2025-08-11,84.0
2025-08-12,85.0
2025-08-13,86.0
2025-08-14,88.0
2025-08-15,89.0
2025-08-16,89.0
2025-08-17,86.0
2025-08-18,88.0
2025-08-19,83.0
2025-08-20,88.0
2025-08-21,84.0
2025-08-22,80.0
2025-08-23,82.0
2025-08-24,86.0
2025-08-25,85.0
2025-08-26,88.0
2025-08-27,84.0
2025-08-28,86.0
2025-08-29,87.0
2025-08-30,86.0
2025-08-31,83.0
2025-09-01,78.0
2025-09-02,81.0
2025-09-03,85.0
2025-09-04,84.0
2025-09-05,86.0
2025-09-06,86.0
2025-09-07,78.0
2025-09-08,78.0
2025-09-09,79.0
2025-09-10,81.0
2025-09-11,86.0
2025-09-12,85.0
2025-09-13,84.0
2025-09-14,84.0
2025-09-15,85.0
2025-09-16,85.0
2025-09-17,84.0
2025-09-18,84.0
2025-09-19,84.0
2025-09-20,83.0
2025-09-21,86.0
2025-09-22,86.0
2025-09-23,86.0
2025-09-24,87.0
2025-09-25,81.0
2025-09-26,81.0
2025-09-27,80.0
2025-09-28,80.0
2025-09-29,80.0
2025-09-30,79.0
2025-10-01,84.0
2025-10-02,84.0
2025-10-03,82.0
2025-10-04,80.0
2025-10-05,79.0
2025-10-06,82.0
2025-10-07,85.0
2025-10-08,83.0
2025-10-09,80.0
2025-10-10,75.0
2025-10-11,77.0
2025-10-12,79.0
2025-10-13,79.0
2025-10-14,78.0
2025-10-15,77.0
2025-10-16,76.0
2025-10-17,82.0
2025-10-18,84.0
2025-10-19,81.0
2025-10-20,79.0
2025-10-21,83.0
2025-10-22,75.0
2025-10-23,79.0
2025-10-24,82.0
2025-10-25,67.0
2025-10-26,71.0
2025-10-27,75.0
2025-10-28,80.0
2025-10-29,62.0
2025-10-30,60.0
2025-10-31,66.0
2025-11-01,70.0
2025-11-02,67.0
2025-11-03,70.0
2025-11-04,71.0
2025-11-05,78.0
2025-11-06,79.0
2025-11-07,77.0
2025-11-08,75.0
2025-11-09,68.0
2025-11-10,53.0
2025-11-11,64.0
2025-11-12,78.0
2025-11-13,80.0
2025-11-14,79.0
2025-11-15,78.0
2025-11-16,79.0
2025-11-17,77.0
2025-11-18,81.0
2025-11-19,78.0
2025-11-20,78.0
2025-11-21,79.0
2025-11-22,75.0
2025-11-23,69.0
2025-11-24,80.0
2025-11-25,79.0
2025-11-26,66.0
2025-11-27,61.0
2025-11-28,63.0
2025-11-29,73.0
2025-11-30,54.0
2025-12-01,45.0
2025-12-02,46.0
2025-12-03,52.0
2025-12-04,51.0
2025-12-05,45.0
2025-12-06,56.0
2025-12-07,66.0
2025-12-08,52.0
2025-12-09,55.0
2025-12-10,66.0
2025-12-11,60.0
2025-12-12,64.0
2025-12-13,74.0
2025-12-14,55.0
2025-12-15,38.0
2025-12-16,53.0
2025-12-17,64.0
2025-12-18,70.0
2025-12-19,58.0
2025-12-20,70.0
2025-12-21,74.0
2025-12-22,72.0
2025-12-23,71.0
2025-12-24,70.0
2025-12-25,68.0
2025-12-26,73.0
2025-12-27,74.0
2025-12-28,74.0
2025-12-29,49.0
2025-12-30,45.0
2025-12-31,51.0
2026-01-01,61.0
2026-01-02,72.0
2026-01-03,70.0
2026-01-04,58.0
2026-01-05,67.0
2026-01-06,67.0
2026-01-07,67.0
2026-01-08,74.0
2026-01-09,75.0
2026-01-10,57.0
2026-01-11,51.0
2026-01-12,51.0
2026-01-13,55.0
2026-01-14,58.0
2026-01-15,50.0
2026-01-16,64.0
2026-01-17,54.0
2026-01-18,43.0
2026-01-19,55.0
2026-01-20,61.0
2026-01-21,65.0
2026-01-22,64.0
2026-01-23,62.0
2026-01-24,48.0
2026-01-25,32.0
2026-01-26,28.0
2026-01-27,37.0
2026-01-28,47.0
2026-01-29,56.0
2026-01-30,46.0
2026-01-31,39.0
2026-02-01,39.0
2026-02-02,59.0
2026-02-03,66.0
2026-02-04,54.0
2026-02-05,51.0
2026-02-06,62.0
2026-02-07,66.0
2026-02-08,61.0
2026-02-09,66.0
2026-02-10,71.0
2026-02-11,73.0
2026-02-12,68.0
2026-02-13,70.0
2026-02-14,69.0
2026-02-15,64.0
2026-02-16,63.0
2026-02-17,69.0
2026-02-18,72.0
2026-02-19,77.0
2026-02-20,74.0
2026-02-21,75.0
2026-02-22,55.0
2026-02-23,53.0
2026-02-24,61.0
2026-02-25,75.0
2026-02-26,73.0
2026-02-27,68.0
2026-02-28,59.0
2026-03-01,74.0
2026-03-02,72.0
2026-03-03,75.0
2026-03-04,76.0
2026-03-05,76.0
2026-03-06,78.0
2026-03-07,78.0
2026-03-08,68.0
2026-03-09,75.0
2026-03-10,76.0
2026-03-11,76.0
2026-03-12,52.0
2026-03-13,62.0
2026-03-14,69.0
2026-03-15,72.0
2026-03-16,48.0
2026-03-17,47.0
2026-03-18,62.0
2026-03-19,66.0
2026-03-20,68.0
2026-03-21,70.0
2026-03-22,71.0
2026-03-23,73.0
2026-03-24,68.0
2026-03-25,70.0
2026-03-26,74.0
2026-03-27,74.0
2026-03-28,65.0
2026-03-29,71.0
2026-03-30,74.0
2026-03-31,77.0
2026-04-01,75.0
2026-04-02,77.0
2026-04-03,75.0
2026-04-04,76.0
2026-04-05,63.0
2026-04-06,62.0
2026-04-07,67.0
2026-04-08,71.0
2026-04-09,74.0
2026-04-10,74.0
2026-04-11,76.0
2026-04-12,76.0
2026-04-13,77.0
2026-04-14,76.0
2026-04-15,78.0
2026-04-16,78.0
2026-04-17,77.0
2026-04-18,79.0
2026-04-19,57.0
2026-04-20,66.0
2026-04-21,63.0
2026-04-22,75.0
2026-04-23,36.5
2026-04-24,78.0
2026-04-25,79.0
2026-04-26,77.0
2026-04-27,80.0
2026-04-28,82.0
2026-04-29,81.0
2026-04-30,79.0
2026-05-01,64.0
2026-05-02,64.0
2026-05-03,74.0
2026-05-04,74.0
2026-05-05,78.0
2026-05-06,79.0
2026-05-07,65.0
2026-05-08,68.0
2026-05-09,77.0
2026-05-10,81.0
2026-05-11,74.0
2026-05-12,75.0
2026-05-13,79.0
2026-05-14,80.0
2026-05-15,80.0
2026-05-16,82.0
2026-05-17,82.0
2026-05-18,82.0
2026-05-19,78.0
2026-05-20,70.0
2026-05-21,74.0
2026-05-22,81.0
2026-05-23,77.0
2026-05-24,75.0
2026-05-25,80.0
2026-05-26,82.0
2026-05-27,72.0
2026-05-28,78.0
2026-05-29,80.0
2026-05-30,82.0
2026-05-31,84.0
2026-06-01,84.0
2026-06-02,81.0
2026-06-03,80.0
2026-06-04,78.0
2026-06-05,82.0
2026-06-06,83.0
2026-06-07,83.0
2026-06-08,83.0
2026-06-09,86.0
2026-06-10,86.0
2026-06-11,87.0
2026-06-12,86.0
2026-06-13,86.0
2026-06-14,80.0
2026-06-15,81.0
2026-06-16,78.0
2026-06-17,77.0
2026-06-18,88.0
2026-06-19,88.0
2026-06-20,85.0
2026-06-21,77.0
2026-06-22,87.0
2026-06-23,87.0
2026-06-24,86.0
2026-06-25,84.0
2026-06-26,87.0
2026-06-27,88.0
2026-06-28,86.0
2026-06-29,88.0
2026-06-30,88.0
2026-07-03,
2026-07-07,87.0
2026-07-08,87.0
