partition,strategy,spread_label,spread,exit_threshold,min_entry,max_entry,e_star,n_trades,proj_60d,total_pnl,sharpe,win_rate,exit_rate,max_dd,mean_pnl_per_trade
IS,hybrid_maker,optimistic,0.04,0.12,0.15,0.55,0.02,166,199.2,22.999999999999996,4.989174743859429,0.7108433734939759,0.6987951807228916,-4.749999999999999,0.13855421686746983
IS,hybrid_maker,optimistic,0.04,0.12,0.15,0.55,0.037,158,189.60000000000002,23.174999999999994,4.976539308471326,0.7151898734177216,0.7025316455696202,-4.749999999999999,0.1466772151898734
IS,hybrid_maker,optimistic,0.04,0.12,0.15,0.55,0.05,153,183.6,21.7,4.593004487596049,0.7124183006535948,0.6993464052287581,-4.75,0.14183006535947712
IS,hybrid_maker,optimistic,0.04,0.12,0.15,0.65,0.02,167,200.39999999999998,20.124999999999996,4.123099558309739,0.7065868263473054,0.6946107784431138,-4.749999999999999,0.1205089820359281
IS,hybrid_maker,optimistic,0.04,0.12,0.15,0.65,0.037,160,192.0,17.474999999999998,3.3830097721784074,0.70625,0.69375,-4.749999999999999,0.10921875
IS,hybrid_maker,optimistic,0.04,0.12,0.15,0.65,0.05,155,186.0,16.0,3.0650520831669943,0.7032258064516129,0.6903225806451613,-4.75,0.1032258064516129
IS,hybrid_maker,optimistic,0.04,0.12,0.25,0.55,0.02,105,126.0,26.974999999999994,6.24001600326437,0.819047619047619,0.7904761904761904,-3.25,0.2569047619047619
IS,hybrid_maker,optimistic,0.04,0.12,0.25,0.55,0.037,94,112.8,29.575000000000003,7.066364367992095,0.8404255319148937,0.8085106382978723,-3.25,0.3146276595744681
IS,hybrid_maker,optimistic,0.04,0.12,0.25,0.55,0.05,93,111.60000000000001,28.975,6.938154902175734,0.8387096774193549,0.8064516129032258,-3.25,0.3115591397849463
IS,hybrid_maker,optimistic,0.04,0.12,0.25,0.65,0.02,109,130.8,25.899999999999995,5.599702539235087,0.8165137614678899,0.7889908256880734,-3.25,0.2376146788990826
IS,hybrid_maker,optimistic,0.04,0.12,0.25,0.65,0.037,100,120.0,26.275,5.597742973098159,0.83,0.8,-3.25,0.26275000000000004
IS,hybrid_maker,optimistic,0.04,0.12,0.25,0.65,0.05,98,117.6,25.075,5.365004275052452,0.826530612244898,0.7959183673469388,-3.25,0.25586734693877555
IS,hybrid_maker,optimistic,0.04,0.12,0.35,0.55,0.02,66,79.2,17.525,4.859245271563258,0.8484848484848485,0.8181818181818182,-3.0999999999999996,0.2655303030303031
IS,hybrid_maker,optimistic,0.04,0.12,0.35,0.55,0.037,59,70.8,18.75,5.5594144031730055,0.864406779661017,0.8305084745762712,-3.0999999999999996,0.3177966101694915
IS,hybrid_maker,optimistic,0.04,0.12,0.35,0.55,0.05,58,69.6,18.150000000000002,5.37755196778932,0.8620689655172413,0.8275862068965517,-3.0999999999999996,0.31293103448275866
IS,hybrid_maker,optimistic,0.04,0.12,0.35,0.65,0.02,73,87.6,18.25,4.642980836119265,0.8493150684931506,0.821917808219178,-3.0999999999999996,0.25000000000000006
IS,hybrid_maker,optimistic,0.04,0.12,0.35,0.65,0.037,66,79.2,16.050000000000004,4.1221744762531465,0.8484848484848485,0.8181818181818182,-3.0999999999999996,0.2431818181818182
IS,hybrid_maker,optimistic,0.04,0.12,0.35,0.65,0.05,64,76.8,14.850000000000001,3.850619695959784,0.84375,0.8125,-3.0999999999999996,0.23203125000000002
IS,hybrid_maker,optimistic,0.04,0.15,0.15,0.55,0.02,166,199.2,25.650000000000002,4.954874999756292,0.6566265060240963,0.6385542168674698,-5.625,0.15451807228915662
IS,hybrid_maker,optimistic,0.04,0.15,0.15,0.55,0.037,158,189.60000000000002,26.974999999999998,5.17592731343317,0.6645569620253164,0.6455696202531646,-5.625,0.17072784810126584
IS,hybrid_maker,optimistic,0.04,0.15,0.15,0.55,0.05,153,183.6,26.525000000000002,5.127290315901679,0.6666666666666666,0.6470588235294118,-5.624999999999999,0.17336601307189542
IS,hybrid_maker,optimistic,0.04,0.15,0.15,0.65,0.02,167,200.39999999999998,22.775000000000002,4.201693654887277,0.6526946107784432,0.6347305389221557,-5.7749999999999995,0.13637724550898203
IS,hybrid_maker,optimistic,0.04,0.15,0.15,0.65,0.037,160,192.0,21.275000000000002,3.754501572545177,0.65625,0.6375,-6.5249999999999995,0.13296875
IS,hybrid_maker,optimistic,0.04,0.15,0.15,0.65,0.05,155,186.0,20.825000000000003,3.6992924660630666,0.6580645161290323,0.6387096774193548,-6.5249999999999995,0.13435483870967743
IS,hybrid_maker,optimistic,0.04,0.15,0.25,0.55,0.02,105,126.0,31.499999999999996,6.681968841183525,0.780952380952381,0.7428571428571429,-4.85,0.3
IS,hybrid_maker,optimistic,0.04,0.15,0.25,0.55,0.037,94,112.8,34.95,7.513417531290639,0.8085106382978723,0.7659574468085106,-4.85,0.37180851063829784
IS,hybrid_maker,optimistic,0.04,0.15,0.25,0.55,0.05,93,111.60000000000001,34.2,7.374654108251571,0.8064516129032258,0.7634408602150538,-4.85,0.3677419354838709
IS,hybrid_maker,optimistic,0.04,0.15,0.25,0.65,0.02,109,130.8,30.874999999999996,6.255781750522571,0.7798165137614679,0.7431192660550459,-4.85,0.28325688073394495
IS,hybrid_maker,optimistic,0.04,0.15,0.25,0.65,0.037,100,120.0,32.25,6.364372485782734,0.8,0.76,-4.85,0.3225
IS,hybrid_maker,optimistic,0.04,0.15,0.25,0.65,0.05,98,117.6,30.750000000000004,5.993159277396435,0.7959183673469388,0.7551020408163265,-4.85,0.3137755102040816
IS,hybrid_maker,optimistic,0.04,0.15,0.35,0.55,0.02,66,79.2,20.925,4.413780593778082,0.803030303030303,0.7424242424242424,-4.5249999999999995,0.31704545454545463
IS,hybrid_maker,optimistic,0.04,0.15,0.35,0.55,0.037,59,70.8,21.4,5.097042818749414,0.8135593220338984,0.7457627118644068,-2.8249999999999993,0.3627118644067797
IS,hybrid_maker,optimistic,0.04,0.15,0.35,0.55,0.05,58,69.6,20.65,4.916481527940083,0.8103448275862069,0.7413793103448276,-2.8249999999999993,0.3560344827586207
IS,hybrid_maker,optimistic,0.04,0.15,0.35,0.65,0.02,73,87.6,19.0,3.701293838415429,0.7945205479452054,0.7397260273972602,-4.5249999999999995,0.2602739726027397
IS,hybrid_maker,optimistic,0.04,0.15,0.35,0.65,0.037,66,79.2,19.450000000000003,4.2765258685578145,0.803030303030303,0.7424242424242424,-2.875,0.29469696969696973
IS,hybrid_maker,optimistic,0.04,0.15,0.35,0.65,0.05,64,76.8,17.950000000000003,3.9005185676478775,0.796875,0.734375,-2.875,0.28046875000000004
IS,hybrid_maker,optimistic,0.04,0.18,0.15,0.55,0.02,166,199.2,21.69999999999999,3.7961356558604367,0.6024096385542169,0.5843373493975904,-6.099999999999998,0.13072289156626504
IS,hybrid_maker,optimistic,0.04,0.18,0.15,0.55,0.037,158,189.60000000000002,24.72499999999999,4.250151875606926,0.6139240506329114,0.5949367088607594,-5.674999999999997,0.15648734177215187
IS,hybrid_maker,optimistic,0.04,0.18,0.15,0.55,0.05,153,183.6,23.824999999999992,4.179617447394822,0.6143790849673203,0.5947712418300654,-5.474999999999998,0.155718954248366
IS,hybrid_maker,optimistic,0.04,0.18,0.15,0.65,0.02,167,200.39999999999998,14.949999999999989,2.5464617833741476,0.592814371257485,0.5748502994011976,-6.100000000000003,0.08952095808383231
IS,hybrid_maker,optimistic,0.04,0.18,0.15,0.65,0.037,160,192.0,15.149999999999988,2.46342842737721,0.6,0.58125,-6.575000000000002,0.09468749999999995
IS,hybrid_maker,optimistic,0.04,0.18,0.15,0.65,0.05,155,186.0,14.24999999999999,2.361820115114154,0.6,0.5806451612903226,-6.575000000000002,0.09193548387096773
IS,hybrid_maker,optimistic,0.04,0.18,0.25,0.55,0.02,105,126.0,28.724999999999994,5.39725223681902,0.7238095238095238,0.6857142857142857,-4.549999999999999,0.2735714285714286
IS,hybrid_maker,optimistic,0.04,0.18,0.25,0.55,0.037,94,112.8,33.574999999999996,6.6763847347031104,0.7553191489361702,0.7127659574468085,-4.549999999999999,0.35718085106382974
IS,hybrid_maker,optimistic,0.04,0.18,0.25,0.55,0.05,93,111.60000000000001,32.675,6.529845727387468,0.7526881720430108,0.7096774193548387,-4.549999999999999,0.35134408602150535
IS,hybrid_maker,optimistic,0.04,0.18,0.25,0.65,0.02,109,130.8,24.674999999999997,4.445561650406544,0.7155963302752294,0.6788990825688074,-5.625,0.2263761467889908
IS,hybrid_maker,optimistic,0.04,0.18,0.25,0.65,0.037,100,120.0,27.599999999999998,5.057361128403731,0.74,0.7,-4.549999999999999,0.27599999999999997
IS,hybrid_maker,optimistic,0.04,0.18,0.25,0.65,0.05,98,117.6,25.799999999999994,4.680716712515834,0.7346938775510204,0.6938775510204082,-4.549999999999999,0.26326530612244897
IS,hybrid_maker,optimistic,0.04,0.18,0.35,0.55,0.02,66,79.2,25.35,5.281171524956154,0.7878787878787878,0.7272727272727273,-4.074999999999999,0.38409090909090904
IS,hybrid_maker,optimistic,0.04,0.18,0.35,0.55,0.037,59,70.8,25.075,5.965472054145883,0.7966101694915254,0.7288135593220338,-2.5249999999999986,0.42499999999999993
IS,hybrid_maker,optimistic,0.04,0.18,0.35,0.55,0.05,58,69.6,24.175,5.748838175929083,0.7931034482758621,0.7241379310344828,-2.5249999999999986,0.41681034482758617
IS,hybrid_maker,optimistic,0.04,0.18,0.35,0.65,0.02,73,87.6,20.300000000000004,3.739226431865409,0.7671232876712328,0.7123287671232876,-4.074999999999999,0.2780821917808219
IS,hybrid_maker,optimistic,0.04,0.18,0.35,0.65,0.037,66,79.2,20.0,4.161922586285561,0.7727272727272727,0.7121212121212122,-3.924999999999997,0.30303030303030304
IS,hybrid_maker,optimistic,0.04,0.18,0.35,0.65,0.05,64,76.8,18.199999999999996,3.7479571236912514,0.765625,0.703125,-3.924999999999997,0.284375
IS,hybrid_maker,optimistic,0.04,0.2,0.15,0.55,0.02,166,199.2,30.9,4.326342944942952,0.572289156626506,0.5301204819277109,-8.625000000000007,0.186144578313253
IS,hybrid_maker,optimistic,0.04,0.2,0.15,0.55,0.037,158,189.60000000000002,38.62500000000001,5.423229597767599,0.5949367088607594,0.5506329113924051,-7.450000000000003,0.2444620253164557
IS,hybrid_maker,optimistic,0.04,0.2,0.15,0.55,0.05,153,183.6,34.47500000000001,5.1495806221911575,0.5947712418300654,0.5555555555555556,-7.449999999999999,0.2253267973856209
IS,hybrid_maker,optimistic,0.04,0.2,0.15,0.65,0.02,167,200.39999999999998,24.049999999999997,3.3072626710334334,0.562874251497006,0.5209580838323353,-8.625,0.1440119760479042
IS,hybrid_maker,optimistic,0.04,0.2,0.15,0.65,0.037,160,192.0,28.950000000000003,3.8949207058687345,0.58125,0.5375,-7.450000000000003,0.18093750000000003
IS,hybrid_maker,optimistic,0.04,0.2,0.15,0.65,0.05,155,186.0,24.800000000000004,3.542310881709973,0.5806451612903226,0.5419354838709678,-7.449999999999999,0.15999999999999998
IS,hybrid_maker,optimistic,0.04,0.2,0.25,0.55,0.02,105,126.0,30.875000000000004,4.813782291505866,0.6857142857142857,0.6285714285714286,-5.425000000000001,0.29404761904761906
IS,hybrid_maker,optimistic,0.04,0.2,0.25,0.55,0.037,94,112.8,40.22500000000001,6.716673776853825,0.7340425531914894,0.6702127659574468,-5.424999999999997,0.42792553191489363
IS,hybrid_maker,optimistic,0.04,0.2,0.25,0.55,0.05,93,111.60000000000001,36.92500000000001,6.393432801936093,0.7311827956989247,0.6774193548387096,-5.424999999999997,0.39704301075268805
IS,hybrid_maker,optimistic,0.04,0.2,0.25,0.65,0.02,109,130.8,27.025000000000006,4.09649845552388,0.6788990825688074,0.6238532110091743,-6.449999999999999,0.24793577981651382
IS,hybrid_maker,optimistic,0.04,0.2,0.25,0.65,0.037,100,120.0,34.550000000000004,5.488375692979292,0.72,0.66,-4.424999999999997,0.3455
IS,hybrid_maker,optimistic,0.04,0.2,0.25,0.65,0.05,98,117.6,30.250000000000007,4.908811294871419,0.7142857142857143,0.6632653061224489,-5.425000000000001,0.3086734693877551
IS,hybrid_maker,optimistic,0.04,0.2,0.35,0.55,0.02,66,79.2,27.050000000000004,4.926884298489881,0.7575757575757576,0.6818181818181818,-4.074999999999999,0.4098484848484849
IS,hybrid_maker,optimistic,0.04,0.2,0.35,0.55,0.037,59,70.8,29.000000000000004,6.121301400039027,0.7796610169491526,0.6949152542372882,-4.050000000000001,0.4915254237288136
IS,hybrid_maker,optimistic,0.04,0.2,0.35,0.55,0.05,58,69.6,25.700000000000003,5.741068788961963,0.7758620689655172,0.7068965517241379,-4.050000000000001,0.4431034482758621
IS,hybrid_maker,optimistic,0.04,0.2,0.35,0.65,0.02,73,87.6,22.400000000000006,3.693282642181735,0.7397260273972602,0.6712328767123288,-5.350000000000001,0.3068493150684932
IS,hybrid_maker,optimistic,0.04,0.2,0.35,0.65,0.037,66,79.2,24.325000000000003,4.592965168818676,0.7575757575757576,0.6818181818181818,-3.825000000000003,0.3685606060606061
IS,hybrid_maker,optimistic,0.04,0.2,0.35,0.65,0.05,64,76.8,20.025,3.9242448420596263,0.75,0.6875,-4.050000000000001,0.3128906250000001
IS,hybrid_maker,optimistic,0.04,0.22,0.15,0.55,0.02,166,199.2,32.75000000000001,4.839847891078041,0.5481927710843374,0.5,-6.75,0.19728915662650612
IS,hybrid_maker,optimistic,0.04,0.22,0.15,0.55,0.037,158,189.60000000000002,38.25000000000001,5.538376446161445,0.569620253164557,0.5253164556962026,-7.3500000000000085,0.24208860759493672
IS,hybrid_maker,optimistic,0.04,0.22,0.15,0.55,0.05,153,183.6,33.900000000000006,5.267342853530537,0.5686274509803921,0.5294117647058824,-7.350000000000005,0.22156862745098038
IS,hybrid_maker,optimistic,0.04,0.22,0.15,0.65,0.02,167,200.39999999999998,25.800000000000004,3.7504661900612923,0.5389221556886228,0.49101796407185627,-6.749999999999993,0.15449101796407191
IS,hybrid_maker,optimistic,0.04,0.22,0.15,0.65,0.037,160,192.0,28.475000000000005,3.9624922347759024,0.55625,0.5125,-7.350000000000001,0.17796875
IS,hybrid_maker,optimistic,0.04,0.22,0.15,0.65,0.05,155,186.0,24.125000000000007,3.5955839374037666,0.5548387096774193,0.5161290322580645,-7.349999999999998,0.15564516129032258
IS,hybrid_maker,optimistic,0.04,0.22,0.25,0.55,0.02,105,126.0,31.05000000000001,4.46181114471195,0.6571428571428571,0.5904761904761905,-6.699999999999999,0.29571428571428576
IS,hybrid_maker,optimistic,0.04,0.22,0.25,0.55,0.037,94,112.8,37.975,5.820593441495201,0.7021276595744681,0.6382978723404256,-6.699999999999999,0.4039893617021276
IS,hybrid_maker,optimistic,0.04,0.22,0.25,0.55,0.05,93,111.60000000000001,34.675000000000004,5.492086188918765,0.6989247311827957,0.6451612903225806,-6.699999999999999,0.37284946236559136
IS,hybrid_maker,optimistic,0.04,0.22,0.25,0.65,0.02,109,130.8,27.400000000000006,3.849458057542891,0.6513761467889908,0.5871559633027523,-6.699999999999999,0.2513761467889909
IS,hybrid_maker,optimistic,0.04,0.22,0.25,0.65,0.037,100,120.0,32.60000000000001,4.806696626407091,0.69,0.63,-6.699999999999999,0.326
IS,hybrid_maker,optimistic,0.04,0.22,0.25,0.65,0.05,98,117.6,28.200000000000006,4.2407332571059575,0.6836734693877551,0.6326530612244898,-6.699999999999999,0.28775510204081634
IS,hybrid_maker,optimistic,0.04,0.22,0.35,0.55,0.02,66,79.2,29.95000000000001,4.759183355430532,0.7424242424242424,0.6515151515151515,-5.824999999999999,0.45378787878787885
IS,hybrid_maker,optimistic,0.04,0.22,0.35,0.55,0.037,59,70.8,29.375000000000007,5.433932524115504,0.7627118644067796,0.6779661016949152,-5.824999999999999,0.4978813559322034
IS,hybrid_maker,optimistic,0.04,0.22,0.35,0.55,0.05,58,69.6,26.075000000000006,5.038763537904367,0.7586206896551724,0.6896551724137931,-5.824999999999999,0.4495689655172414
IS,hybrid_maker,optimistic,0.04,0.22,0.35,0.65,0.02,73,87.6,25.70000000000001,3.7682062171662434,0.726027397260274,0.6438356164383562,-5.824999999999999,0.352054794520548
IS,hybrid_maker,optimistic,0.04,0.22,0.35,0.65,0.037,66,79.2,25.10000000000001,4.249297231521151,0.7424242424242424,0.6666666666666666,-5.824999999999999,0.3803030303030303
IS,hybrid_maker,optimistic,0.04,0.22,0.35,0.65,0.05,64,76.8,20.70000000000001,3.61188964621832,0.734375,0.671875,-5.824999999999999,0.32343750000000004
IS,hybrid_maker,optimistic,0.04,0.25,0.15,0.55,0.02,166,199.2,33.474999999999994,4.314578657029553,0.5060240963855421,0.4457831325301205,-9.774999999999999,0.20165662650602412
IS,hybrid_maker,optimistic,0.04,0.25,0.15,0.55,0.037,158,189.60000000000002,38.775000000000006,4.939117140740298,0.5253164556962026,0.46835443037974683,-8.050000000000004,0.2454113924050633
IS,hybrid_maker,optimistic,0.04,0.25,0.15,0.55,0.05,153,183.6,34.125,4.645296129872313,0.5228758169934641,0.47058823529411764,-8.049999999999997,0.22303921568627452
IS,hybrid_maker,optimistic,0.04,0.25,0.15,0.65,0.02,167,200.39999999999998,26.375,3.3743957124591226,0.49700598802395207,0.437125748502994,-9.774999999999999,0.15793413173652696
IS,hybrid_maker,optimistic,0.04,0.25,0.15,0.65,0.037,160,192.0,28.85,3.5847341860984625,0.5125,0.45625,-8.049999999999997,0.18031250000000001
IS,hybrid_maker,optimistic,0.04,0.25,0.15,0.65,0.05,155,186.0,24.199999999999996,3.212964774995037,0.5096774193548387,0.45806451612903226,-8.049999999999997,0.15612903225806454
IS,hybrid_maker,optimistic,0.04,0.25,0.25,0.55,0.02,105,126.0,40.2,4.888586129774089,0.638095238095238,0.5428571428571428,-6.549999999999999,0.38285714285714284
IS,hybrid_maker,optimistic,0.04,0.25,0.25,0.55,0.037,94,112.8,49.85,6.513999769414771,0.6914893617021277,0.5957446808510638,-6.549999999999999,0.5303191489361703
IS,hybrid_maker,optimistic,0.04,0.25,0.25,0.55,0.05,93,111.60000000000001,44.175,6.170701595652105,0.6881720430107527,0.6129032258064516,-6.549999999999999,0.47499999999999987
IS,hybrid_maker,optimistic,0.04,0.25,0.25,0.65,0.02,109,130.8,36.85,4.407405838339347,0.6330275229357798,0.5412844036697247,-7.899999999999999,0.33807339449541285
IS,hybrid_maker,optimistic,0.04,0.25,0.25,0.65,0.037,100,120.0,46.00000000000001,5.816083284698616,0.68,0.58,-6.549999999999999,0.46
IS,hybrid_maker,optimistic,0.04,0.25,0.25,0.65,0.05,98,117.6,39.075,5.20542562240441,0.673469387755102,0.5918367346938775,-6.549999999999999,0.39872448979591835
IS,hybrid_maker,optimistic,0.04,0.25,0.35,0.55,0.02,66,79.2,32.775000000000006,4.517820016813628,0.7121212121212122,0.5909090909090909,-5.699999999999999,0.4965909090909091
IS,hybrid_maker,optimistic,0.04,0.25,0.35,0.55,0.037,59,70.8,36.175000000000004,5.970413287749954,0.7457627118644068,0.6101694915254238,-5.675000000000001,0.6131355932203391
IS,hybrid_maker,optimistic,0.04,0.25,0.35,0.55,0.05,58,69.6,31.500000000000007,5.428457148435581,0.7413793103448276,0.6379310344827587,-5.675000000000001,0.5431034482758622
IS,hybrid_maker,optimistic,0.04,0.25,0.35,0.65,0.02,73,87.6,30.200000000000003,3.845170727946309,0.6986301369863014,0.5753424657534246,-6.074999999999999,0.4136986301369863
IS,hybrid_maker,optimistic,0.04,0.25,0.35,0.65,0.037,66,79.2,33.575,5.036249856611876,0.7272727272727273,0.5909090909090909,-5.675000000000001,0.5087121212121213
IS,hybrid_maker,optimistic,0.04,0.25,0.35,0.65,0.05,64,76.8,27.65,4.310364401489537,0.71875,0.609375,-5.675000000000001,0.4320312500000001
IS,hybrid_maker,moderate,0.1,0.12,0.15,0.55,0.02,190,228.0,78.35,20.503784481742837,0.8736842105263158,0.868421052631579,-1.6000000000000014,0.41236842105263155
IS,hybrid_maker,moderate,0.1,0.12,0.15,0.55,0.037,181,217.20000000000002,72.37500000000001,18.1962872741474,0.8674033149171271,0.861878453038674,-2.200000000000003,0.39986187845303867
IS,hybrid_maker,moderate,0.1,0.12,0.15,0.55,0.05,174,208.8,68.175,17.99851824337772,0.8620689655172413,0.8563218390804598,-2.200000000000003,0.39181034482758625
IS,hybrid_maker,moderate,0.1,0.12,0.15,0.65,0.02,192,230.39999999999998,79.55,20.84523610186512,0.875,0.8697916666666666,-1.6000000000000014,0.4143229166666666
IS,hybrid_maker,moderate,0.1,0.12,0.15,0.65,0.037,184,220.8,74.175,18.745744563321452,0.8695652173913043,0.8641304347826086,-2.200000000000003,0.4031249999999999
IS,hybrid_maker,moderate,0.1,0.12,0.15,0.65,0.05,177,212.4,69.97500000000001,18.63528437671457,0.864406779661017,0.8587570621468926,-2.200000000000003,0.3953389830508474
IS,hybrid_maker,moderate,0.1,0.12,0.25,0.55,0.02,121,145.2,55.3,18.34397242979909,0.9256198347107438,0.9173553719008265,-1.0,0.4570247933884297
IS,hybrid_maker,moderate,0.1,0.12,0.25,0.55,0.037,114,136.79999999999998,52.8,17.73027640468648,0.9298245614035088,0.9210526315789473,-1.0,0.4631578947368421
IS,hybrid_maker,moderate,0.1,0.12,0.25,0.55,0.05,110,132.0,50.4,17.375780638323665,0.9272727272727272,0.9181818181818182,-1.0,0.4581818181818182
IS,hybrid_maker,moderate,0.1,0.12,0.25,0.65,0.02,125,150.0,57.699999999999996,19.541245029960823,0.928,0.92,-1.0,0.46159999999999995
IS,hybrid_maker,moderate,0.1,0.12,0.25,0.65,0.037,120,144.0,56.4,19.245286535412575,0.9333333333333333,0.925,-1.0,0.4699999999999999
IS,hybrid_maker,moderate,0.1,0.12,0.25,0.65,0.05,116,139.2,54.00000000000001,18.688279446477605,0.9310344827586207,0.9224137931034483,-1.0,0.4655172413793103
IS,hybrid_maker,moderate,0.1,0.12,0.35,0.55,0.02,78,93.60000000000001,34.575,11.827992780676514,0.9230769230769231,0.9102564102564102,-2.1999999999999993,0.4432692307692308
IS,hybrid_maker,moderate,0.1,0.12,0.35,0.55,0.037,71,85.19999999999999,30.374999999999996,10.314993796315584,0.9154929577464789,0.9014084507042254,-2.1999999999999993,0.42781690140845074
IS,hybrid_maker,moderate,0.1,0.12,0.35,0.55,0.05,67,80.4,27.974999999999998,9.673083929065447,0.9104477611940298,0.8955223880597015,-2.1999999999999975,0.4175373134328359
IS,hybrid_maker,moderate,0.1,0.12,0.35,0.65,0.02,85,102.0,38.775,13.624896778791964,0.9294117647058824,0.9176470588235294,-2.1999999999999993,0.45617647058823535
IS,hybrid_maker,moderate,0.1,0.12,0.35,0.65,0.037,78,93.60000000000001,34.574999999999996,11.849068041975242,0.9230769230769231,0.9102564102564102,-2.1999999999999993,0.4432692307692308
IS,hybrid_maker,moderate,0.1,0.12,0.35,0.65,0.05,75,90.0,32.775000000000006,11.443030203938964,0.92,0.9066666666666666,-2.1999999999999993,0.437
IS,hybrid_maker,moderate,0.1,0.15,0.15,0.55,0.02,190,228.0,79.6,15.257390844065721,0.7842105263157895,0.7736842105263158,-1.8500000000000014,0.4189473684210526
IS,hybrid_maker,moderate,0.1,0.15,0.15,0.55,0.037,181,217.20000000000002,77.85,15.176789113568677,0.7900552486187845,0.7790055248618785,-2.049999999999997,0.43011049723756906
IS,hybrid_maker,moderate,0.1,0.15,0.15,0.55,0.05,174,208.8,72.6,14.85987990073612,0.7816091954022989,0.7701149425287356,-2.049999999999997,0.4172413793103448
IS,hybrid_maker,moderate,0.1,0.15,0.15,0.65,0.02,192,230.39999999999998,81.1,15.498629187890174,0.7864583333333334,0.7760416666666666,-1.8500000000000014,0.4223958333333333
IS,hybrid_maker,moderate,0.1,0.15,0.15,0.65,0.037,184,220.8,76.675,14.275226927816785,0.7880434782608695,0.7771739130434783,-2.049999999999997,0.4167119565217392
IS,hybrid_maker,moderate,0.1,0.15,0.15,0.65,0.05,177,212.4,71.42500000000001,13.972911554417378,0.7796610169491526,0.768361581920904,-2.049999999999997,0.40353107344632766
IS,hybrid_maker,moderate,0.1,0.15,0.25,0.55,0.02,121,145.2,62.775,16.057179860421382,0.8760330578512396,0.859504132231405,-2.25,0.518801652892562
IS,hybrid_maker,moderate,0.1,0.15,0.25,0.55,0.037,114,136.79999999999998,63.675,16.570483608673896,0.8947368421052632,0.8771929824561403,-2.25,0.5585526315789473
IS,hybrid_maker,moderate,0.1,0.15,0.25,0.55,0.05,110,132.0,60.675,16.216637240179956,0.8909090909090909,0.8727272727272727,-2.25,0.551590909090909
IS,hybrid_maker,moderate,0.1,0.15,0.25,0.65,0.02,125,150.0,65.775,17.06216524536994,0.88,0.864,-2.25,0.5262
IS,hybrid_maker,moderate,0.1,0.15,0.25,0.65,0.037,120,144.0,64.75,15.915399981660892,0.8916666666666667,0.875,-2.25,0.5395833333333333
IS,hybrid_maker,moderate,0.1,0.15,0.25,0.65,0.05,116,139.2,61.75,15.418946506918598,0.8879310344827587,0.8706896551724138,-2.25,0.5323275862068966
IS,hybrid_maker,moderate,0.1,0.15,0.35,0.55,0.02,78,93.60000000000001,40.55,12.401688498672804,0.8974358974358975,0.8846153846153846,-1.75,0.5198717948717948
IS,hybrid_maker,moderate,0.1,0.15,0.35,0.55,0.037,71,85.19999999999999,37.675,11.375802852858119,0.9014084507042254,0.8873239436619719,-1.75,0.5306338028169014
IS,hybrid_maker,moderate,0.1,0.15,0.35,0.55,0.05,67,80.4,34.675,10.71081256464448,0.8955223880597015,0.8805970149253731,-1.75,0.5175373134328358
IS,hybrid_maker,moderate,0.1,0.15,0.35,0.65,0.02,85,102.0,45.8,14.405575579619248,0.9058823529411765,0.8941176470588236,-1.75,0.5388235294117647
IS,hybrid_maker,moderate,0.1,0.15,0.35,0.65,0.037,78,93.60000000000001,39.5,11.321222936217765,0.8974358974358975,0.8846153846153846,-1.9250000000000007,0.5064102564102564
IS,hybrid_maker,moderate,0.1,0.15,0.35,0.65,0.05,75,90.0,37.25,10.927655915439802,0.8933333333333333,0.88,-1.9250000000000007,0.49666666666666665
IS,hybrid_maker,moderate,0.1,0.18,0.15,0.55,0.02,190,228.0,88.25,16.034367133438515,0.7421052631578947,0.7263157894736842,-1.7000000000000028,0.4644736842105263
IS,hybrid_maker,moderate,0.1,0.18,0.15,0.55,0.037,181,217.20000000000002,85.6,14.848453742739265,0.7458563535911602,0.7292817679558011,-1.8999999999999986,0.4729281767955801
IS,hybrid_maker,moderate,0.1,0.18,0.15,0.55,0.05,174,208.8,80.97499999999998,14.48136173423774,0.7413793103448276,0.7241379310344828,-1.8999999999999986,0.4653735632183908
IS,hybrid_maker,moderate,0.1,0.18,0.15,0.65,0.02,192,230.39999999999998,86.425,14.819241075480038,0.7395833333333334,0.7239583333333334,-2.3499999999999996,0.4501302083333334
IS,hybrid_maker,moderate,0.1,0.18,0.15,0.65,0.037,184,220.8,81.1,12.979884034599916,0.7391304347826086,0.7228260869565217,-2.3499999999999996,0.4407608695652174
IS,hybrid_maker,moderate,0.1,0.18,0.15,0.65,0.05,177,212.4,76.475,12.645216504405523,0.7344632768361582,0.7175141242937854,-2.3499999999999996,0.4320621468926553
IS,hybrid_maker,moderate,0.1,0.18,0.25,0.55,0.02,121,145.2,70.225,15.266038470480183,0.8347107438016529,0.8016528925619835,-2.299999999999997,0.5803719008264463
IS,hybrid_maker,moderate,0.1,0.18,0.25,0.55,0.037,114,136.79999999999998,73.72499999999998,16.465495357212514,0.8596491228070176,0.8245614035087719,-2.1000000000000014,0.6467105263157896
IS,hybrid_maker,moderate,0.1,0.18,0.25,0.55,0.05,110,132.0,70.12499999999999,16.462122870246283,0.8545454545454545,0.8181818181818182,-2.1000000000000014,0.6375000000000003
IS,hybrid_maker,moderate,0.1,0.18,0.25,0.65,0.02,125,150.0,70.19999999999999,14.28367062182253,0.832,0.8,-2.7249999999999996,0.5616000000000001
IS,hybrid_maker,moderate,0.1,0.18,0.25,0.65,0.037,120,144.0,71.92499999999998,14.276001304276273,0.85,0.8166666666666667,-2.7249999999999996,0.599375
IS,hybrid_maker,moderate,0.1,0.18,0.25,0.65,0.05,116,139.2,68.32499999999999,14.018215965754695,0.8448275862068966,0.8103448275862069,-2.7249999999999996,0.5890086206896553
IS,hybrid_maker,moderate,0.1,0.18,0.35,0.55,0.02,78,93.60000000000001,48.949999999999996,11.87421906357515,0.8717948717948718,0.8333333333333334,-2.3000000000000007,0.6275641025641024
IS,hybrid_maker,moderate,0.1,0.18,0.35,0.55,0.037,71,85.19999999999999,48.375,11.881269674839755,0.8873239436619719,0.8450704225352113,-1.5250000000000004,0.681338028169014
IS,hybrid_maker,moderate,0.1,0.18,0.35,0.55,0.05,67,80.4,44.77499999999999,11.205193791386458,0.8805970149253731,0.835820895522388,-1.5250000000000004,0.6682835820895521
IS,hybrid_maker,moderate,0.1,0.18,0.35,0.65,0.02,85,102.0,51.62499999999999,11.828675286475953,0.8705882352941177,0.8352941176470589,-2.7249999999999996,0.6073529411764705
IS,hybrid_maker,moderate,0.1,0.18,0.35,0.65,0.037,78,93.60000000000001,47.474999999999994,10.516312793909437,0.8717948717948718,0.8333333333333334,-2.7249999999999996,0.608653846153846
IS,hybrid_maker,moderate,0.1,0.18,0.35,0.65,0.05,75,90.0,44.775,10.117624668743122,0.8666666666666667,0.8266666666666667,-2.7249999999999996,0.5969999999999999
IS,hybrid_maker,moderate,0.1,0.2,0.15,0.55,0.02,190,228.0,93.25,16.15529925731306,0.7052631578947368,0.6789473684210526,-1.5999999999999943,0.49078947368421055
IS,hybrid_maker,moderate,0.1,0.2,0.15,0.55,0.037,181,217.20000000000002,92.0,15.121207233416065,0.712707182320442,0.6850828729281768,-1.7999999999999972,0.5082872928176796
IS,hybrid_maker,moderate,0.1,0.2,0.15,0.55,0.05,174,208.8,88.5,15.332375166457968,0.7126436781609196,0.6839080459770115,-1.7999999999999972,0.5086206896551724
IS,hybrid_maker,moderate,0.1,0.2,0.15,0.65,0.02,192,230.39999999999998,91.525,15.14551166142427,0.703125,0.6770833333333334,-2.25,0.4766927083333334
IS,hybrid_maker,moderate,0.1,0.2,0.15,0.65,0.037,184,220.8,87.6,13.477008648086887,0.7065217391304348,0.6793478260869565,-2.25,0.4760869565217391
IS,hybrid_maker,moderate,0.1,0.2,0.15,0.65,0.05,177,212.4,84.1,13.515674257992453,0.7062146892655368,0.6779661016949152,-2.25,0.4751412429378531
IS,hybrid_maker,moderate,0.1,0.2,0.25,0.55,0.02,121,145.2,76.92500000000001,15.423126402933931,0.8099173553719008,0.7603305785123967,-2.3000000000000007,0.6357438016528926
IS,hybrid_maker,moderate,0.1,0.2,0.25,0.55,0.037,114,136.79999999999998,82.125,16.784184492856976,0.8421052631578947,0.7894736842105263,-2.0,0.7203947368421053
IS,hybrid_maker,moderate,0.1,0.2,0.25,0.55,0.05,110,132.0,78.125,16.760031978592835,0.8363636363636363,0.7818181818181819,-2.0,0.7102272727272727
IS,hybrid_maker,moderate,0.1,0.2,0.25,0.65,0.02,125,150.0,77.19999999999999,14.581491517098144,0.808,0.76,-2.7249999999999996,0.6175999999999999
IS,hybrid_maker,moderate,0.1,0.2,0.25,0.65,0.037,120,144.0,80.725,14.84555926667249,0.8333333333333334,0.7833333333333333,-2.7249999999999996,0.6727083333333332
IS,hybrid_maker,moderate,0.1,0.2,0.25,0.65,0.05,116,139.2,76.725,14.57409319811789,0.8275862068965517,0.7758620689655172,-2.7249999999999996,0.6614224137931034
IS,hybrid_maker,moderate,0.1,0.2,0.35,0.55,0.02,78,93.60000000000001,53.474999999999994,11.450917233921182,0.8461538461538461,0.782051282051282,-2.3000000000000007,0.6855769230769231
IS,hybrid_maker,moderate,0.1,0.2,0.35,0.55,0.037,71,85.19999999999999,52.39999999999999,11.962731062786812,0.8591549295774648,0.7887323943661971,-1.5250000000000004,0.7380281690140846
IS,hybrid_maker,moderate,0.1,0.2,0.35,0.55,0.05,67,80.4,48.39999999999999,11.286412077742268,0.8507462686567164,0.7761194029850746,-1.5250000000000004,0.7223880597014924
IS,hybrid_maker,moderate,0.1,0.2,0.35,0.65,0.02,85,102.0,53.099999999999994,10.27299475104766,0.8352941176470589,0.7764705882352941,-2.7249999999999996,0.6247058823529411
IS,hybrid_maker,moderate,0.1,0.2,0.35,0.65,0.037,78,93.60000000000001,51.99999999999999,10.831687657991584,0.8461538461538461,0.782051282051282,-2.7249999999999996,0.6666666666666666
IS,hybrid_maker,moderate,0.1,0.2,0.35,0.65,0.05,75,90.0,48.99999999999999,10.43573179954549,0.84,0.7733333333333333,-2.7249999999999996,0.6533333333333333
IS,hybrid_maker,moderate,0.1,0.22,0.15,0.55,0.02,190,228.0,86.65,13.454914923927486,0.6631578947368421,0.6368421052631579,-2.9000000000000057,0.4560526315789474
IS,hybrid_maker,moderate,0.1,0.22,0.15,0.55,0.037,181,217.20000000000002,87.25000000000001,13.609737041275947,0.6740331491712708,0.6464088397790055,-2.9000000000000057,0.48204419889502764
IS,hybrid_maker,moderate,0.1,0.22,0.15,0.55,0.05,174,208.8,86.00000000000001,13.758618413484605,0.6781609195402298,0.6494252873563219,-2.9000000000000057,0.4942528735632184
IS,hybrid_maker,moderate,0.1,0.22,0.15,0.65,0.02,192,230.39999999999998,85.025,12.730303501641517,0.6614583333333334,0.6354166666666666,-2.9000000000000057,0.4428385416666667
IS,hybrid_maker,moderate,0.1,0.22,0.15,0.65,0.037,184,220.8,82.95,12.233972335800978,0.6684782608695652,0.6413043478260869,-2.9000000000000057,0.45081521739130437
IS,hybrid_maker,moderate,0.1,0.22,0.15,0.65,0.05,177,212.4,81.7,12.285617879236952,0.672316384180791,0.6440677966101694,-2.9000000000000057,0.4615819209039547
IS,hybrid_maker,moderate,0.1,0.22,0.25,0.55,0.02,121,145.2,70.1,12.064620436836671,0.7603305785123967,0.7107438016528925,-2.9000000000000057,0.5793388429752064
IS,hybrid_maker,moderate,0.1,0.22,0.25,0.55,0.037,114,136.79999999999998,77.45,14.082093868232818,0.7982456140350878,0.7456140350877193,-2.2250000000000014,0.6793859649122804
IS,hybrid_maker,moderate,0.1,0.22,0.25,0.55,0.05,110,132.0,75.8,14.395438458436612,0.8,0.7454545454545455,-2.2250000000000014,0.6890909090909088
IS,hybrid_maker,moderate,0.1,0.22,0.25,0.65,0.02,125,150.0,70.675,11.835199716592955,0.76,0.712,-2.9000000000000057,0.5653999999999998
IS,hybrid_maker,moderate,0.1,0.22,0.25,0.65,0.037,120,144.0,76.45000000000002,13.00039425292708,0.7916666666666666,0.7416666666666667,-2.7249999999999996,0.6370833333333332
IS,hybrid_maker,moderate,0.1,0.22,0.25,0.65,0.05,116,139.2,74.80000000000001,12.825034004552302,0.7931034482758621,0.7413793103448276,-2.7249999999999996,0.6448275862068964
IS,hybrid_maker,moderate,0.1,0.22,0.35,0.55,0.02,78,93.60000000000001,50.525,10.138354182736842,0.8076923076923077,0.7435897435897436,-2.8500000000000014,0.6477564102564103
IS,hybrid_maker,moderate,0.1,0.22,0.35,0.55,0.037,71,85.19999999999999,48.949999999999996,10.45927525175047,0.8169014084507042,0.7464788732394366,-2.2250000000000014,0.68943661971831
IS,hybrid_maker,moderate,0.1,0.22,0.35,0.55,0.05,67,80.4,47.3,10.44047774082622,0.8208955223880597,0.746268656716418,-2.2250000000000014,0.7059701492537312
IS,hybrid_maker,moderate,0.1,0.22,0.35,0.65,0.02,85,102.0,50.650000000000006,9.498692187594926,0.8,0.7411764705882353,-2.8500000000000014,0.5958823529411765
IS,hybrid_maker,moderate,0.1,0.22,0.35,0.65,0.037,78,93.60000000000001,49.050000000000004,9.940539794042587,0.8076923076923077,0.7435897435897436,-2.7249999999999996,0.6288461538461539
IS,hybrid_maker,moderate,0.1,0.22,0.35,0.65,0.05,75,90.0,48.5,9.844824961639668,0.8133333333333334,0.7466666666666667,-2.7249999999999996,0.6466666666666666
IS,hybrid_maker,moderate,0.1,0.25,0.15,0.55,0.02,190,228.0,88.94999999999999,11.979759110704984,0.6210526315789474,0.5894736842105263,-4.724999999999994,0.4681578947368421
IS,hybrid_maker,moderate,0.1,0.25,0.15,0.55,0.037,181,217.20000000000002,91.325,12.250458409057487,0.6353591160220995,0.6022099447513812,-4.974999999999994,0.5045580110497236
IS,hybrid_maker,moderate,0.1,0.25,0.15,0.55,0.05,174,208.8,86.625,12.589295155300244,0.6379310344827587,0.6091954022988506,-4.974999999999994,0.4978448275862069
IS,hybrid_maker,moderate,0.1,0.25,0.15,0.65,0.02,192,230.39999999999998,79.45,10.14868041798968,0.609375,0.578125,-4.724999999999994,0.4138020833333333
IS,hybrid_maker,moderate,0.1,0.25,0.15,0.65,0.037,184,220.8,79.15,9.953252918559114,0.6195652173913043,0.5869565217391305,-4.974999999999994,0.4301630434782609
IS,hybrid_maker,moderate,0.1,0.25,0.15,0.65,0.05,177,212.4,74.45,10.154643268928014,0.6214689265536724,0.5932203389830508,-4.975000000000001,0.42062146892655367
IS,hybrid_maker,moderate,0.1,0.25,0.25,0.55,0.02,121,145.2,72.54999999999998,11.290882256338357,0.71900826446281,0.6611570247933884,-3.7250000000000014,0.5995867768595041
IS,hybrid_maker,moderate,0.1,0.25,0.25,0.55,0.037,114,136.79999999999998,82.125,13.361889349646761,0.7631578947368421,0.7017543859649122,-3.7249999999999943,0.7203947368421053
IS,hybrid_maker,moderate,0.1,0.25,0.25,0.55,0.05,110,132.0,77.82499999999999,13.520354757820268,0.7636363636363637,0.7090909090909091,-3.7250000000000014,0.7075
IS,hybrid_maker,moderate,0.1,0.25,0.25,0.65,0.02,125,150.0,65.55,9.644846810202228,0.704,0.648,-5.200000000000001,0.5243999999999999
IS,hybrid_maker,moderate,0.1,0.25,0.25,0.65,0.037,120,144.0,73.7,11.041272329972006,0.7416666666666667,0.6833333333333333,-2.825,0.6141666666666665
IS,hybrid_maker,moderate,0.1,0.25,0.25,0.65,0.05,116,139.2,69.39999999999999,10.882463266126505,0.7413793103448276,0.6896551724137931,-3.7250000000000014,0.5982758620689654
IS,hybrid_maker,moderate,0.1,0.25,0.35,0.55,0.02,78,93.60000000000001,58.64999999999999,10.396221119830743,0.7948717948717948,0.717948717948718,-2.6999999999999993,0.7519230769230768
IS,hybrid_maker,moderate,0.1,0.25,0.35,0.55,0.037,71,85.19999999999999,56.324999999999996,10.547799204076853,0.8028169014084507,0.7183098591549296,-2.5,0.7933098591549296
IS,hybrid_maker,moderate,0.1,0.25,0.35,0.55,0.05,67,80.4,52.02499999999999,10.727783827767471,0.8059701492537313,0.7313432835820896,-2.5,0.7764925373134327
IS,hybrid_maker,moderate,0.1,0.25,0.35,0.65,0.02,85,102.0,51.499999999999986,7.995531439132112,0.7647058823529411,0.6941176470588235,-3.2750000000000057,0.6058823529411764
IS,hybrid_maker,moderate,0.1,0.25,0.35,0.65,0.037,78,93.60000000000001,49.14999999999999,8.110385671585197,0.7692307692307693,0.6923076923076923,-3.2750000000000057,0.6301282051282051
IS,hybrid_maker,moderate,0.1,0.25,0.35,0.65,0.05,75,90.0,46.099999999999994,8.013687170464683,0.7733333333333333,0.7066666666666667,-3.2750000000000057,0.6146666666666666
IS,hybrid_maker,pessimistic,0.18,0.12,0.15,0.55,0.02,209,250.79999999999998,125.4,58.34430552116125,1.0,1.0,0.0,0.5999999999999999
IS,hybrid_maker,pessimistic,0.18,0.12,0.15,0.55,0.037,200,240.0,120.00000000000001,57.38292428937376,1.0,1.0,0.0,0.5999999999999999
IS,hybrid_maker,pessimistic,0.18,0.12,0.15,0.55,0.05,193,231.6,115.80000000000001,56.31145550136779,1.0,1.0,0.0,0.5999999999999999
IS,hybrid_maker,pessimistic,0.18,0.12,0.15,0.65,0.02,212,254.4,127.2,62.34046934092699,1.0,1.0,0.0,0.5999999999999999
IS,hybrid_maker,pessimistic,0.18,0.12,0.15,0.65,0.037,205,245.99999999999997,123.00000000000001,61.71403123582309,1.0,1.0,0.0,0.5999999999999999
IS,hybrid_maker,pessimistic,0.18,0.12,0.15,0.65,0.05,199,238.8,119.39999999999999,60.76106892714069,1.0,1.0,0.0,0.5999999999999999
IS,hybrid_maker,pessimistic,0.18,0.12,0.25,0.55,0.02,133,159.60000000000002,79.8,34.54340025179952,1.0,1.0,0.0,0.6000000000000001
IS,hybrid_maker,pessimistic,0.18,0.12,0.25,0.55,0.037,123,147.6,73.79999999999998,31.27014541447393,1.0,1.0,0.0,0.5999999999999998
IS,hybrid_maker,pessimistic,0.18,0.12,0.25,0.55,0.05,119,142.79999999999998,71.39999999999999,30.789734359612204,1.0,1.0,0.0,0.5999999999999995
IS,hybrid_maker,pessimistic,0.18,0.12,0.25,0.65,0.02,139,166.79999999999998,83.39999999999999,38.44094770169431,1.0,1.0,0.0,0.6000000000000001
IS,hybrid_maker,pessimistic,0.18,0.12,0.25,0.65,0.037,130,156.0,78.0,35.56310652142957,1.0,1.0,0.0,0.6
IS,hybrid_maker,pessimistic,0.18,0.12,0.25,0.65,0.05,125,150.0,75.0,34.59062919212336,1.0,1.0,0.0,0.5999999999999996
IS,hybrid_maker,pessimistic,0.18,0.12,0.35,0.55,0.02,81,97.2,48.6,25.016831414023695,1.0,1.0,0.0,0.6
IS,hybrid_maker,pessimistic,0.18,0.12,0.35,0.55,0.037,75,90.0,45.0,22.578304110666984,1.0,1.0,0.0,0.6
IS,hybrid_maker,pessimistic,0.18,0.12,0.35,0.55,0.05,71,85.19999999999999,42.6,21.437155312843554,1.0,1.0,0.0,0.6000000000000001
IS,hybrid_maker,pessimistic,0.18,0.12,0.35,0.65,0.02,92,110.4,55.199999999999996,30.57491342503069,1.0,1.0,0.0,0.6
IS,hybrid_maker,pessimistic,0.18,0.12,0.35,0.65,0.037,85,102.0,50.99999999999999,26.58285012544891,1.0,1.0,0.0,0.6
IS,hybrid_maker,pessimistic,0.18,0.12,0.35,0.65,0.05,80,96.0,48.00000000000001,26.214367119544605,1.0,1.0,0.0,0.5999999999999999
IS,hybrid_maker,pessimistic,0.18,0.15,0.15,0.55,0.02,209,250.79999999999998,155.525,56.47905967197579,0.9952153110047847,0.9952153110047847,0.0,0.7441387559808613
IS,hybrid_maker,pessimistic,0.18,0.15,0.15,0.55,0.037,200,240.0,148.775,55.71341925487206,0.995,0.995,0.0,0.7438750000000001
IS,hybrid_maker,pessimistic,0.18,0.15,0.15,0.55,0.05,193,231.6,143.525,54.825046780418106,0.9948186528497409,0.9948186528497409,0.0,0.7436528497409327
IS,hybrid_maker,pessimistic,0.18,0.15,0.15,0.65,0.02,212,254.4,157.775,60.09819562376747,0.9952830188679245,0.9952830188679245,0.0,0.7442216981132076
IS,hybrid_maker,pessimistic,0.18,0.15,0.15,0.65,0.037,205,245.99999999999997,152.525,59.634384932085645,0.9951219512195122,0.9951219512195122,0.0,0.7440243902439024
IS,hybrid_maker,pessimistic,0.18,0.15,0.15,0.65,0.05,199,238.8,148.025,58.86292492386472,0.9949748743718593,0.9949748743718593,0.0,0.7438442211055276
IS,hybrid_maker,pessimistic,0.18,0.15,0.25,0.55,0.02,133,159.60000000000002,99.75,34.543400251799525,1.0,1.0,0.0,0.75
IS,hybrid_maker,pessimistic,0.18,0.15,0.25,0.55,0.037,123,147.6,92.25,31.270145414473934,1.0,1.0,0.0,0.75
IS,hybrid_maker,pessimistic,0.18,0.15,0.25,0.55,0.05,119,142.79999999999998,89.25,30.7897343596122,1.0,1.0,0.0,0.75
IS,hybrid_maker,pessimistic,0.18,0.15,0.25,0.65,0.02,139,166.79999999999998,104.25,38.44094770169432,1.0,1.0,0.0,0.75
IS,hybrid_maker,pessimistic,0.18,0.15,0.25,0.65,0.037,130,156.0,97.5,35.56310652142956,1.0,1.0,0.0,0.75
IS,hybrid_maker,pessimistic,0.18,0.15,0.25,0.65,0.05,125,150.0,93.75,34.59062919212336,1.0,1.0,0.0,0.75
IS,hybrid_maker,pessimistic,0.18,0.15,0.35,0.55,0.02,81,97.2,60.75,25.01683141402369,1.0,1.0,0.0,0.75
IS,hybrid_maker,pessimistic,0.18,0.15,0.35,0.55,0.037,75,90.0,56.25,22.57830411066698,1.0,1.0,0.0,0.75
IS,hybrid_maker,pessimistic,0.18,0.15,0.35,0.55,0.05,71,85.19999999999999,53.25,21.437155312843558,1.0,1.0,0.0,0.75
IS,hybrid_maker,pessimistic,0.18,0.15,0.35,0.65,0.02,92,110.4,69.0,30.574913425030687,1.0,1.0,0.0,0.75
IS,hybrid_maker,pessimistic,0.18,0.15,0.35,0.65,0.037,85,102.0,63.75,26.58285012544891,1.0,1.0,0.0,0.75
IS,hybrid_maker,pessimistic,0.18,0.15,0.35,0.65,0.05,80,96.0,60.0,26.214367119544598,1.0,1.0,0.0,0.75
IS,hybrid_maker,pessimistic,0.18,0.18,0.15,0.55,0.02,209,250.79999999999998,170.625,44.20090294510332,0.9473684210526315,0.9473684210526315,0.0,0.8163875598086127
IS,hybrid_maker,pessimistic,0.18,0.18,0.15,0.55,0.037,200,240.0,162.525,40.28021645529731,0.945,0.945,0.0,0.8126250000000002
IS,hybrid_maker,pessimistic,0.18,0.18,0.15,0.55,0.05,193,231.6,156.225,40.251612910703535,0.9430051813471503,0.9430051813471503,0.0,0.8094559585492229
IS,hybrid_maker,pessimistic,0.18,0.18,0.15,0.65,0.02,212,254.4,173.325,45.90401967319926,0.9481132075471698,0.9481132075471698,0.0,0.8175707547169814
IS,hybrid_maker,pessimistic,0.18,0.18,0.15,0.65,0.037,205,245.99999999999997,167.02499999999998,43.17286322847766,0.9463414634146341,0.9463414634146341,0.0,0.8147560975609759
IS,hybrid_maker,pessimistic,0.18,0.18,0.15,0.65,0.05,199,238.8,161.62499999999997,43.267641732094965,0.9447236180904522,0.9447236180904522,0.0,0.8121859296482415
IS,hybrid_maker,pessimistic,0.18,0.18,0.25,0.55,0.02,133,159.60000000000002,114.69999999999999,30.822326683331497,0.9849624060150376,0.9849624060150376,-0.07500000000000284,0.862406015037594
IS,hybrid_maker,pessimistic,0.18,0.18,0.25,0.55,0.037,123,147.6,105.69999999999999,28.240805348383937,0.983739837398374,0.983739837398374,-0.07500000000000284,0.8593495934959353
IS,hybrid_maker,pessimistic,0.18,0.18,0.25,0.55,0.05,119,142.79999999999998,102.1,27.860510172995994,0.9831932773109243,0.9831932773109243,-0.07500000000000284,0.8579831932773114
IS,hybrid_maker,pessimistic,0.18,0.18,0.25,0.65,0.02,139,166.79999999999998,120.09999999999998,33.767363567151314,0.9856115107913669,0.9856115107913669,-0.07500000000000284,0.8640287769784174
IS,hybrid_maker,pessimistic,0.18,0.18,0.25,0.65,0.037,130,156.0,111.99999999999999,31.609023972603687,0.9846153846153847,0.9846153846153847,-0.07500000000000284,0.8615384615384616
IS,hybrid_maker,pessimistic,0.18,0.18,0.25,0.65,0.05,125,150.0,107.49999999999999,30.87002306070053,0.984,0.984,-0.07500000000000284,0.8600000000000004
IS,hybrid_maker,pessimistic,0.18,0.18,0.35,0.55,0.02,81,97.2,67.89999999999999,21.408880393715524,0.9753086419753086,0.9753086419753086,-1.3249999999999993,0.8382716049382718
IS,hybrid_maker,pessimistic,0.18,0.18,0.35,0.55,0.037,75,90.0,62.49999999999999,19.487213935050445,0.9733333333333334,0.9733333333333334,-1.3249999999999993,0.8333333333333335
IS,hybrid_maker,pessimistic,0.18,0.18,0.35,0.55,0.05,71,85.19999999999999,58.9,18.54432427832863,0.971830985915493,0.971830985915493,-1.3249999999999993,0.8295774647887324
IS,hybrid_maker,pessimistic,0.18,0.18,0.35,0.65,0.02,92,110.4,77.8,25.508879048654304,0.9782608695652174,0.9782608695652174,-1.3249999999999993,0.8456521739130439
IS,hybrid_maker,pessimistic,0.18,0.18,0.35,0.65,0.037,85,102.0,71.5,22.61618139299047,0.9764705882352941,0.9764705882352941,-1.3249999999999993,0.8411764705882357
IS,hybrid_maker,pessimistic,0.18,0.18,0.35,0.65,0.05,80,96.0,67.0,22.241349091115545,0.975,0.975,-1.3249999999999993,0.8375000000000001
IS,hybrid_maker,pessimistic,0.18,0.2,0.15,0.55,0.02,209,250.79999999999998,161.175,32.62719475920893,0.8660287081339713,0.861244019138756,-0.3500000000000001,0.7711722488038278
IS,hybrid_maker,pessimistic,0.18,0.2,0.15,0.55,0.037,200,240.0,155.39999999999998,29.91575759933518,0.87,0.865,-0.4000000000000057,0.7769999999999999
IS,hybrid_maker,pessimistic,0.18,0.2,0.15,0.55,0.05,193,231.6,148.39999999999998,30.257679452635557,0.8652849740932642,0.8601036269430051,-0.4000000000000057,0.7689119170984455
IS,hybrid_maker,pessimistic,0.18,0.2,0.15,0.65,0.02,212,254.4,164.175,33.306558254359736,0.8679245283018868,0.8632075471698113,-0.3500000000000001,0.7744103773584906
IS,hybrid_maker,pessimistic,0.18,0.2,0.15,0.65,0.037,205,245.99999999999997,160.39999999999998,31.19948860143365,0.8731707317073171,0.8682926829268293,-0.4000000000000057,0.7824390243902438
IS,hybrid_maker,pessimistic,0.18,0.2,0.15,0.65,0.05,199,238.8,154.39999999999998,31.545621557382585,0.8693467336683417,0.864321608040201,-0.4000000000000057,0.7758793969849245
IS,hybrid_maker,pessimistic,0.18,0.2,0.25,0.55,0.02,133,159.60000000000002,111.65,25.88150848588647,0.924812030075188,0.9172932330827067,-1.05,0.8394736842105264
IS,hybrid_maker,pessimistic,0.18,0.2,0.25,0.55,0.037,123,147.6,103.55,23.57155398761748,0.926829268292683,0.9186991869918699,-1.05,0.841869918699187
IS,hybrid_maker,pessimistic,0.18,0.2,0.25,0.55,0.05,119,142.79999999999998,99.55,23.377338831388375,0.9243697478991597,0.9159663865546218,-1.05,0.8365546218487395
IS,hybrid_maker,pessimistic,0.18,0.2,0.25,0.65,0.02,139,166.79999999999998,117.65,27.80943336651539,0.9280575539568345,0.920863309352518,-1.0499999999999998,0.8464028776978417
IS,hybrid_maker,pessimistic,0.18,0.2,0.25,0.65,0.037,130,156.0,110.55,25.848450320420998,0.9307692307692308,0.9230769230769231,-1.0499999999999998,0.8503846153846155
IS,hybrid_maker,pessimistic,0.18,0.2,0.25,0.65,0.05,125,150.0,105.55,25.450221144140688,0.928,0.92,-1.0499999999999998,0.8443999999999999
IS,hybrid_maker,pessimistic,0.18,0.2,0.35,0.55,0.02,81,97.2,67.375,18.44449939381516,0.9259259259259259,0.9135802469135802,-1.3249999999999993,0.8317901234567902
IS,hybrid_maker,pessimistic,0.18,0.2,0.35,0.55,0.037,75,90.0,61.375,16.267684452287764,0.92,0.9066666666666666,-1.3249999999999993,0.8183333333333334
IS,hybrid_maker,pessimistic,0.18,0.2,0.35,0.55,0.05,71,85.19999999999999,57.375,15.4852828929614,0.9154929577464789,0.9014084507042254,-1.3249999999999993,0.8080985915492959
IS,hybrid_maker,pessimistic,0.18,0.2,0.35,0.65,0.02,92,110.4,78.375,21.63133435616878,0.9347826086956522,0.9239130434782609,-1.3249999999999993,0.8519021739130435
IS,hybrid_maker,pessimistic,0.18,0.2,0.35,0.65,0.037,85,102.0,71.375,18.726102543614207,0.9294117647058824,0.9176470588235294,-1.3249999999999993,0.8397058823529412
IS,hybrid_maker,pessimistic,0.18,0.2,0.35,0.65,0.05,80,96.0,66.375,18.36330958599705,0.925,0.9125,-1.3249999999999993,0.8296875
IS,hybrid_maker,pessimistic,0.18,0.22,0.15,0.55,0.02,209,250.79999999999998,163.375,29.9366650733463,0.8133971291866029,0.8038277511961722,-0.3500000000000001,0.7816985645933014
IS,hybrid_maker,pessimistic,0.18,0.22,0.15,0.55,0.037,200,240.0,159.425,27.649117756477885,0.82,0.81,-0.3500000000000001,0.7971249999999999
IS,hybrid_maker,pessimistic,0.18,0.22,0.15,0.55,0.05,193,231.6,151.725,28.18219502335885,0.8134715025906736,0.8031088082901554,-0.3500000000000001,0.7861398963730569
IS,hybrid_maker,pessimistic,0.18,0.22,0.15,0.65,0.02,212,254.4,166.675,30.416852109595354,0.8160377358490566,0.8066037735849056,-0.34999999999999964,0.786202830188679
IS,hybrid_maker,pessimistic,0.18,0.22,0.15,0.65,0.037,205,245.99999999999997,161.35000000000002,26.705064519720523,0.8195121951219512,0.8097560975609757,-0.8499999999999943,0.7870731707317071
IS,hybrid_maker,pessimistic,0.18,0.22,0.15,0.65,0.05,199,238.8,154.75000000000003,27.060285058092916,0.8140703517587939,0.8040201005025126,-0.8499999999999943,0.7776381909547736
IS,hybrid_maker,pessimistic,0.18,0.22,0.25,0.55,0.02,133,159.60000000000002,117.85000000000001,25.299005402898803,0.8947368421052632,0.8796992481203008,-1.5,0.8860902255639097
IS,hybrid_maker,pessimistic,0.18,0.22,0.25,0.55,0.037,123,147.6,111.37500000000001,22.779336440331537,0.9024390243902439,0.8861788617886179,-1.5,0.9054878048780485
IS,hybrid_maker,pessimistic,0.18,0.22,0.25,0.55,0.05,119,142.79999999999998,106.97500000000002,22.599578060994546,0.8991596638655462,0.8823529411764706,-1.5,0.8989495798319322
IS,hybrid_maker,pessimistic,0.18,0.22,0.25,0.65,0.02,139,166.79999999999998,124.45000000000002,27.090436640478686,0.8992805755395683,0.8848920863309353,-1.5,0.8953237410071941
IS,hybrid_maker,pessimistic,0.18,0.22,0.25,0.65,0.037,130,156.0,115.50000000000001,22.808513272903337,0.9,0.8846153846153846,-1.5,0.8884615384615384
IS,hybrid_maker,pessimistic,0.18,0.22,0.25,0.65,0.05,125,150.0,110.00000000000001,22.42997373750216,0.896,0.88,-1.5,0.8799999999999996
IS,hybrid_maker,pessimistic,0.18,0.22,0.35,0.55,0.02,81,97.2,69.8,17.96328611831361,0.9012345679012346,0.8888888888888888,-1.3249999999999993,0.8617283950617282
IS,hybrid_maker,pessimistic,0.18,0.22,0.35,0.55,0.037,75,90.0,65.72500000000001,16.109537537602524,0.9066666666666666,0.8933333333333333,-1.3249999999999993,0.8763333333333333
IS,hybrid_maker,pessimistic,0.18,0.22,0.35,0.55,0.05,71,85.19999999999999,61.325,15.34598487714465,0.9014084507042254,0.8873239436619719,-1.3249999999999993,0.8637323943661972
IS,hybrid_maker,pessimistic,0.18,0.22,0.35,0.65,0.02,92,110.4,81.89999999999999,20.965309696416803,0.9130434782608695,0.9021739130434783,-1.3249999999999993,0.8902173913043476
IS,hybrid_maker,pessimistic,0.18,0.22,0.35,0.65,0.037,85,102.0,73.14999999999999,16.901227704598092,0.9058823529411765,0.8941176470588236,-1.375,0.8605882352941174
IS,hybrid_maker,pessimistic,0.18,0.22,0.35,0.65,0.05,80,96.0,67.64999999999999,16.54260805994258,0.9,0.8875,-1.375,0.8456249999999998
IS,hybrid_maker,pessimistic,0.18,0.25,0.15,0.55,0.02,209,250.79999999999998,171.475,27.67344053323035,0.7655502392344498,0.7464114832535885,-0.3500000000000001,0.8204545454545455
IS,hybrid_maker,pessimistic,0.18,0.25,0.15,0.55,0.037,200,240.0,168.85,25.937654399684725,0.775,0.755,-0.3500000000000001,0.8442500000000002
IS,hybrid_maker,pessimistic,0.18,0.25,0.15,0.55,0.05,193,231.6,161.92499999999998,25.595967042425723,0.772020725388601,0.7512953367875648,-0.3500000000000001,0.8389896373056995
IS,hybrid_maker,pessimistic,0.18,0.25,0.15,0.65,0.02,212,254.4,175.225,28.0078257956756,0.7688679245283019,0.75,-0.34999999999999964,0.8265330188679246
IS,hybrid_maker,pessimistic,0.18,0.25,0.15,0.65,0.037,205,245.99999999999997,171.375,25.217920068219865,0.775609756097561,0.7560975609756098,-0.5499999999999972,0.8359756097560975
IS,hybrid_maker,pessimistic,0.18,0.25,0.15,0.65,0.05,199,238.8,165.70000000000002,24.836680765829907,0.7738693467336684,0.7537688442211056,-0.5499999999999972,0.8326633165829145
IS,hybrid_maker,pessimistic,0.18,0.25,0.25,0.55,0.02,133,159.60000000000002,127.32500000000002,25.614794097863022,0.8571428571428571,0.8270676691729323,-1.3499999999999943,0.957330827067669
IS,hybrid_maker,pessimistic,0.18,0.25,0.25,0.55,0.037,123,147.6,121.875,22.562729554457718,0.8699186991869918,0.8373983739837398,-1.3499999999999943,0.9908536585365854
IS,hybrid_maker,pessimistic,0.18,0.25,0.25,0.55,0.05,119,142.79999999999998,116.875,22.86495756328183,0.865546218487395,0.8319327731092437,-1.3499999999999943,0.9821428571428571
IS,hybrid_maker,pessimistic,0.18,0.25,0.25,0.65,0.02,139,166.79999999999998,134.82500000000002,27.328441567147927,0.8633093525179856,0.8345323741007195,-1.3499999999999943,0.9699640287769783
IS,hybrid_maker,pessimistic,0.18,0.25,0.25,0.65,0.037,130,156.0,126.9,22.768960661450485,0.8692307692307693,0.8384615384615385,-1.3499999999999943,0.9761538461538461
IS,hybrid_maker,pessimistic,0.18,0.25,0.25,0.65,0.05,125,150.0,120.65,22.85695256025269,0.864,0.832,-1.3499999999999943,0.9652
IS,hybrid_maker,pessimistic,0.18,0.25,0.35,0.55,0.02,81,97.2,81.4,18.134204507869065,0.8888888888888888,0.8518518518518519,-1.3249999999999993,1.0049382716049384
IS,hybrid_maker,pessimistic,0.18,0.25,0.35,0.55,0.037,75,90.0,76.57499999999999,15.58443645841791,0.8933333333333333,0.8533333333333334,-1.3249999999999993,1.0210000000000001
IS,hybrid_maker,pessimistic,0.18,0.25,0.35,0.55,0.05,71,85.19999999999999,71.57499999999999,14.81330333573671,0.8873239436619719,0.8450704225352113,-1.3249999999999993,1.0080985915492957
IS,hybrid_maker,pessimistic,0.18,0.25,0.35,0.65,0.02,92,110.4,95.14999999999999,21.98335332928891,0.9021739130434783,0.8695652173913043,-1.3249999999999993,1.0342391304347827
IS,hybrid_maker,pessimistic,0.18,0.25,0.35,0.65,0.037,85,102.0,85.35,17.106400913774465,0.8941176470588236,0.8588235294117647,-1.3249999999999993,1.0041176470588236
IS,hybrid_maker,pessimistic,0.18,0.25,0.35,0.65,0.05,80,96.0,79.1,16.212482194632877,0.8875,0.85,-1.3249999999999993,0.9887499999999999
