min_entry,max_entry,exit_threshold,n_trades,proj_60d,total_pnl,sharpe,win_rate,exit_rate,max_dd,mean_pnl_per_trade
0.15,0.45,0.1,102,122.4,-3.9499999999999984,-0.8556230506027328,0.7745098039215687,0.7647058823529411,-13.999999999999998,-0.038725490196078426
0.15,0.45,0.12,102,122.4,-3.7250000000000005,-0.7670654485399038,0.7352941176470589,0.7156862745098039,-14.700000000000001,-0.03651960784313726
0.15,0.45,0.15,102,122.4,0.8500000000000014,0.13389662545360634,0.6862745098039216,0.6372549019607843,-14.9,0.00833333333333333
0.15,0.45,0.18,102,122.4,9.649999999999997,1.4986213505550907,0.6764705882352942,0.6176470588235294,-9.725000000000007,0.09460784313725487
0.15,0.45,0.2,102,122.4,5.975000000000001,0.8907678181213974,0.6372549019607843,0.5686274509803921,-13.375,0.058578431372549034
0.15,0.45,0.22,102,122.4,-9.574999999999994,-1.3892129674132976,0.5588235294117647,0.47058823529411764,-30.424999999999997,-0.09387254901960779
0.15,0.45,0.25,102,122.4,-13.250000000000002,-1.8037368233321123,0.5098039215686274,0.39215686274509803,-33.05,-0.12990196078431374
0.15,0.45,0.3,102,122.4,-12.550000000000002,-1.586426405984074,0.45098039215686275,0.2647058823529412,-37.275000000000006,-0.12303921568627453
0.15,0.5,0.1,116,139.2,1.575000000000002,0.299121784699001,0.7844827586206896,0.7586206896551724,-12.824999999999998,0.013577586206896562
0.15,0.5,0.12,116,139.2,-0.2999999999999985,-0.05611726607897976,0.7413793103448276,0.7068965517241379,-12.825000000000001,-0.002586206896551696
0.15,0.5,0.15,116,139.2,2.6000000000000005,0.3744400049928677,0.6896551724137931,0.6293103448275862,-15.324999999999998,0.02241379310344828
0.15,0.5,0.18,116,139.2,9.374999999999991,1.2850148933524925,0.6724137931034483,0.603448275862069,-13.625000000000002,0.08081896551724137
0.15,0.5,0.2,116,139.2,3.025000000000002,0.4053084039027599,0.6293103448275862,0.5517241379310345,-17.775,0.02607758620689657
0.15,0.5,0.22,116,139.2,-11.924999999999992,-1.5648042400203575,0.5603448275862069,0.46551724137931033,-35.324999999999996,-0.10280172413793098
0.15,0.5,0.25,116,139.2,-13.325000000000005,-1.6296770730393098,0.5172413793103449,0.3879310344827586,-35.975,-0.11487068965517241
0.15,0.5,0.3,116,139.2,-11.375000000000002,-1.3211660957718268,0.46551724137931033,0.27586206896551724,-39.45,-0.09806034482758617
0.15,0.55,0.1,118,141.6,2.575000000000002,0.4913023057173668,0.788135593220339,0.7627118644067796,-11.824999999999998,0.0218220338983051
0.15,0.55,0.12,118,141.6,0.9000000000000008,0.16906255926436492,0.7457627118644068,0.711864406779661,-11.625,0.007627118644067807
0.15,0.55,0.15,118,141.6,4.1000000000000005,0.5919732601093725,0.6949152542372882,0.635593220338983,-13.825,0.034745762711864414
0.15,0.55,0.18,118,141.6,11.174999999999992,1.5358760709769743,0.6779661016949152,0.6101694915254238,-11.825000000000001,0.09470338983050844
0.15,0.55,0.2,118,141.6,5.025000000000002,0.6741046532150009,0.635593220338983,0.559322033898305,-15.774999999999999,0.04258474576271188
0.15,0.55,0.22,118,141.6,-9.724999999999993,-1.2896266294359948,0.5677966101694916,0.4745762711864407,-33.125,-0.08241525423728809
0.15,0.55,0.25,118,141.6,-10.825000000000005,-1.3367191502679772,0.5254237288135594,0.3983050847457627,-33.475,-0.09173728813559319
0.15,0.55,0.3,118,141.6,-8.375000000000002,-0.9822495987597367,0.4745762711864407,0.288135593220339,-36.45,-0.07097457627118645
0.15,0.6,0.1,118,141.6,2.575000000000002,0.4913023057173668,0.788135593220339,0.7627118644067796,-11.824999999999998,0.0218220338983051
0.15,0.6,0.12,118,141.6,0.9000000000000008,0.16906255926436492,0.7457627118644068,0.711864406779661,-11.625,0.007627118644067807
0.15,0.6,0.15,118,141.6,4.1000000000000005,0.5919732601093725,0.6949152542372882,0.635593220338983,-13.825,0.034745762711864414
0.15,0.6,0.18,118,141.6,11.174999999999992,1.5358760709769743,0.6779661016949152,0.6101694915254238,-11.825000000000001,0.09470338983050844
0.15,0.6,0.2,118,141.6,5.025000000000002,0.6741046532150009,0.635593220338983,0.559322033898305,-15.774999999999999,0.04258474576271188
0.15,0.6,0.22,118,141.6,-9.724999999999993,-1.2896266294359948,0.5677966101694916,0.4745762711864407,-33.125,-0.08241525423728809
0.15,0.6,0.25,118,141.6,-10.825000000000005,-1.3367191502679772,0.5254237288135594,0.3983050847457627,-33.475,-0.09173728813559319
0.15,0.6,0.3,118,141.6,-8.375000000000002,-0.9822495987597367,0.4745762711864407,0.288135593220339,-36.45,-0.07097457627118645
0.15,0.65,0.1,118,141.6,2.575000000000002,0.4913023057173668,0.788135593220339,0.7627118644067796,-11.824999999999998,0.0218220338983051
0.15,0.65,0.12,118,141.6,0.9000000000000008,0.16906255926436492,0.7457627118644068,0.711864406779661,-11.625,0.007627118644067807
0.15,0.65,0.15,118,141.6,4.1000000000000005,0.5919732601093725,0.6949152542372882,0.635593220338983,-13.825,0.034745762711864414
0.15,0.65,0.18,118,141.6,11.174999999999992,1.5358760709769743,0.6779661016949152,0.6101694915254238,-11.825000000000001,0.09470338983050844
0.15,0.65,0.2,118,141.6,5.025000000000002,0.6741046532150009,0.635593220338983,0.559322033898305,-15.774999999999999,0.04258474576271188
0.15,0.65,0.22,118,141.6,-9.724999999999993,-1.2896266294359948,0.5677966101694916,0.4745762711864407,-33.125,-0.08241525423728809
0.15,0.65,0.25,118,141.6,-10.825000000000005,-1.3367191502679772,0.5254237288135594,0.3983050847457627,-33.475,-0.09173728813559319
0.15,0.65,0.3,118,141.6,-8.375000000000002,-0.9822495987597367,0.4745762711864407,0.288135593220339,-36.45,-0.07097457627118645
0.15,0.7,0.1,118,141.6,2.575000000000002,0.4913023057173668,0.788135593220339,0.7627118644067796,-11.824999999999998,0.0218220338983051
0.15,0.7,0.12,118,141.6,0.9000000000000008,0.16906255926436492,0.7457627118644068,0.711864406779661,-11.625,0.007627118644067807
0.15,0.7,0.15,118,141.6,4.1000000000000005,0.5919732601093725,0.6949152542372882,0.635593220338983,-13.825,0.034745762711864414
0.15,0.7,0.18,118,141.6,11.174999999999992,1.5358760709769743,0.6779661016949152,0.6101694915254238,-11.825000000000001,0.09470338983050844
0.15,0.7,0.2,118,141.6,5.025000000000002,0.6741046532150009,0.635593220338983,0.559322033898305,-15.774999999999999,0.04258474576271188
0.15,0.7,0.22,118,141.6,-9.724999999999993,-1.2896266294359948,0.5677966101694916,0.4745762711864407,-33.125,-0.08241525423728809
0.15,0.7,0.25,118,141.6,-10.825000000000005,-1.3367191502679772,0.5254237288135594,0.3983050847457627,-33.475,-0.09173728813559319
0.15,0.7,0.3,118,141.6,-8.375000000000002,-0.9822495987597367,0.4745762711864407,0.288135593220339,-36.45,-0.07097457627118645
0.2,0.45,0.1,102,122.4,-3.9499999999999984,-0.8556230506027328,0.7745098039215687,0.7647058823529411,-13.999999999999998,-0.038725490196078426
0.2,0.45,0.12,102,122.4,-3.7250000000000005,-0.7670654485399038,0.7352941176470589,0.7156862745098039,-14.700000000000001,-0.03651960784313726
0.2,0.45,0.15,102,122.4,0.8500000000000014,0.13389662545360634,0.6862745098039216,0.6372549019607843,-14.9,0.00833333333333333
0.2,0.45,0.18,102,122.4,9.649999999999997,1.4986213505550907,0.6764705882352942,0.6176470588235294,-9.725000000000007,0.09460784313725487
0.2,0.45,0.2,102,122.4,5.975000000000001,0.8907678181213974,0.6372549019607843,0.5686274509803921,-13.375,0.058578431372549034
0.2,0.45,0.22,102,122.4,-9.574999999999994,-1.3892129674132976,0.5588235294117647,0.47058823529411764,-30.424999999999997,-0.09387254901960779
0.2,0.45,0.25,102,122.4,-13.250000000000002,-1.8037368233321123,0.5098039215686274,0.39215686274509803,-33.05,-0.12990196078431374
0.2,0.45,0.3,102,122.4,-12.550000000000002,-1.586426405984074,0.45098039215686275,0.2647058823529412,-37.275000000000006,-0.12303921568627453
0.2,0.5,0.1,116,139.2,1.575000000000002,0.299121784699001,0.7844827586206896,0.7586206896551724,-12.824999999999998,0.013577586206896562
0.2,0.5,0.12,116,139.2,-0.2999999999999985,-0.05611726607897976,0.7413793103448276,0.7068965517241379,-12.825000000000001,-0.002586206896551696
0.2,0.5,0.15,116,139.2,2.6000000000000005,0.3744400049928677,0.6896551724137931,0.6293103448275862,-15.324999999999998,0.02241379310344828
0.2,0.5,0.18,116,139.2,9.374999999999991,1.2850148933524925,0.6724137931034483,0.603448275862069,-13.625000000000002,0.08081896551724137
0.2,0.5,0.2,116,139.2,3.025000000000002,0.4053084039027599,0.6293103448275862,0.5517241379310345,-17.775,0.02607758620689657
0.2,0.5,0.22,116,139.2,-11.924999999999992,-1.5648042400203575,0.5603448275862069,0.46551724137931033,-35.324999999999996,-0.10280172413793098
0.2,0.5,0.25,116,139.2,-13.325000000000005,-1.6296770730393098,0.5172413793103449,0.3879310344827586,-35.975,-0.11487068965517241
0.2,0.5,0.3,116,139.2,-11.375000000000002,-1.3211660957718268,0.46551724137931033,0.27586206896551724,-39.45,-0.09806034482758617
0.2,0.55,0.1,118,141.6,2.575000000000002,0.4913023057173668,0.788135593220339,0.7627118644067796,-11.824999999999998,0.0218220338983051
0.2,0.55,0.12,118,141.6,0.9000000000000008,0.16906255926436492,0.7457627118644068,0.711864406779661,-11.625,0.007627118644067807
0.2,0.55,0.15,118,141.6,4.1000000000000005,0.5919732601093725,0.6949152542372882,0.635593220338983,-13.825,0.034745762711864414
0.2,0.55,0.18,118,141.6,11.174999999999992,1.5358760709769743,0.6779661016949152,0.6101694915254238,-11.825000000000001,0.09470338983050844
0.2,0.55,0.2,118,141.6,5.025000000000002,0.6741046532150009,0.635593220338983,0.559322033898305,-15.774999999999999,0.04258474576271188
0.2,0.55,0.22,118,141.6,-9.724999999999993,-1.2896266294359948,0.5677966101694916,0.4745762711864407,-33.125,-0.08241525423728809
0.2,0.55,0.25,118,141.6,-10.825000000000005,-1.3367191502679772,0.5254237288135594,0.3983050847457627,-33.475,-0.09173728813559319
0.2,0.55,0.3,118,141.6,-8.375000000000002,-0.9822495987597367,0.4745762711864407,0.288135593220339,-36.45,-0.07097457627118645
0.2,0.6,0.1,118,141.6,2.575000000000002,0.4913023057173668,0.788135593220339,0.7627118644067796,-11.824999999999998,0.0218220338983051
0.2,0.6,0.12,118,141.6,0.9000000000000008,0.16906255926436492,0.7457627118644068,0.711864406779661,-11.625,0.007627118644067807
0.2,0.6,0.15,118,141.6,4.1000000000000005,0.5919732601093725,0.6949152542372882,0.635593220338983,-13.825,0.034745762711864414
0.2,0.6,0.18,118,141.6,11.174999999999992,1.5358760709769743,0.6779661016949152,0.6101694915254238,-11.825000000000001,0.09470338983050844
0.2,0.6,0.2,118,141.6,5.025000000000002,0.6741046532150009,0.635593220338983,0.559322033898305,-15.774999999999999,0.04258474576271188
0.2,0.6,0.22,118,141.6,-9.724999999999993,-1.2896266294359948,0.5677966101694916,0.4745762711864407,-33.125,-0.08241525423728809
0.2,0.6,0.25,118,141.6,-10.825000000000005,-1.3367191502679772,0.5254237288135594,0.3983050847457627,-33.475,-0.09173728813559319
0.2,0.6,0.3,118,141.6,-8.375000000000002,-0.9822495987597367,0.4745762711864407,0.288135593220339,-36.45,-0.07097457627118645
0.2,0.65,0.1,118,141.6,2.575000000000002,0.4913023057173668,0.788135593220339,0.7627118644067796,-11.824999999999998,0.0218220338983051
0.2,0.65,0.12,118,141.6,0.9000000000000008,0.16906255926436492,0.7457627118644068,0.711864406779661,-11.625,0.007627118644067807
0.2,0.65,0.15,118,141.6,4.1000000000000005,0.5919732601093725,0.6949152542372882,0.635593220338983,-13.825,0.034745762711864414
0.2,0.65,0.18,118,141.6,11.174999999999992,1.5358760709769743,0.6779661016949152,0.6101694915254238,-11.825000000000001,0.09470338983050844
0.2,0.65,0.2,118,141.6,5.025000000000002,0.6741046532150009,0.635593220338983,0.559322033898305,-15.774999999999999,0.04258474576271188
0.2,0.65,0.22,118,141.6,-9.724999999999993,-1.2896266294359948,0.5677966101694916,0.4745762711864407,-33.125,-0.08241525423728809
0.2,0.65,0.25,118,141.6,-10.825000000000005,-1.3367191502679772,0.5254237288135594,0.3983050847457627,-33.475,-0.09173728813559319
0.2,0.65,0.3,118,141.6,-8.375000000000002,-0.9822495987597367,0.4745762711864407,0.288135593220339,-36.45,-0.07097457627118645
0.2,0.7,0.1,118,141.6,2.575000000000002,0.4913023057173668,0.788135593220339,0.7627118644067796,-11.824999999999998,0.0218220338983051
0.2,0.7,0.12,118,141.6,0.9000000000000008,0.16906255926436492,0.7457627118644068,0.711864406779661,-11.625,0.007627118644067807
0.2,0.7,0.15,118,141.6,4.1000000000000005,0.5919732601093725,0.6949152542372882,0.635593220338983,-13.825,0.034745762711864414
0.2,0.7,0.18,118,141.6,11.174999999999992,1.5358760709769743,0.6779661016949152,0.6101694915254238,-11.825000000000001,0.09470338983050844
0.2,0.7,0.2,118,141.6,5.025000000000002,0.6741046532150009,0.635593220338983,0.559322033898305,-15.774999999999999,0.04258474576271188
0.2,0.7,0.22,118,141.6,-9.724999999999993,-1.2896266294359948,0.5677966101694916,0.4745762711864407,-33.125,-0.08241525423728809
0.2,0.7,0.25,118,141.6,-10.825000000000005,-1.3367191502679772,0.5254237288135594,0.3983050847457627,-33.475,-0.09173728813559319
0.2,0.7,0.3,118,141.6,-8.375000000000002,-0.9822495987597367,0.4745762711864407,0.288135593220339,-36.45,-0.07097457627118645
0.25,0.45,0.1,102,122.4,-3.9499999999999984,-0.8556230506027328,0.7745098039215687,0.7647058823529411,-13.999999999999998,-0.038725490196078426
0.25,0.45,0.12,102,122.4,-3.7250000000000005,-0.7670654485399038,0.7352941176470589,0.7156862745098039,-14.700000000000001,-0.03651960784313726
0.25,0.45,0.15,102,122.4,0.8500000000000014,0.13389662545360634,0.6862745098039216,0.6372549019607843,-14.9,0.00833333333333333
0.25,0.45,0.18,102,122.4,9.649999999999997,1.4986213505550907,0.6764705882352942,0.6176470588235294,-9.725000000000007,0.09460784313725487
0.25,0.45,0.2,102,122.4,5.975000000000001,0.8907678181213974,0.6372549019607843,0.5686274509803921,-13.375,0.058578431372549034
0.25,0.45,0.22,102,122.4,-9.574999999999994,-1.3892129674132976,0.5588235294117647,0.47058823529411764,-30.424999999999997,-0.09387254901960779
0.25,0.45,0.25,102,122.4,-13.250000000000002,-1.8037368233321123,0.5098039215686274,0.39215686274509803,-33.05,-0.12990196078431374
0.25,0.45,0.3,102,122.4,-12.550000000000002,-1.586426405984074,0.45098039215686275,0.2647058823529412,-37.275000000000006,-0.12303921568627453
0.25,0.5,0.1,116,139.2,1.575000000000002,0.299121784699001,0.7844827586206896,0.7586206896551724,-12.824999999999998,0.013577586206896562
0.25,0.5,0.12,116,139.2,-0.2999999999999985,-0.05611726607897976,0.7413793103448276,0.7068965517241379,-12.825000000000001,-0.002586206896551696
0.25,0.5,0.15,116,139.2,2.6000000000000005,0.3744400049928677,0.6896551724137931,0.6293103448275862,-15.324999999999998,0.02241379310344828
0.25,0.5,0.18,116,139.2,9.374999999999991,1.2850148933524925,0.6724137931034483,0.603448275862069,-13.625000000000002,0.08081896551724137
0.25,0.5,0.2,116,139.2,3.025000000000002,0.4053084039027599,0.6293103448275862,0.5517241379310345,-17.775,0.02607758620689657
0.25,0.5,0.22,116,139.2,-11.924999999999992,-1.5648042400203575,0.5603448275862069,0.46551724137931033,-35.324999999999996,-0.10280172413793098
0.25,0.5,0.25,116,139.2,-13.325000000000005,-1.6296770730393098,0.5172413793103449,0.3879310344827586,-35.975,-0.11487068965517241
0.25,0.5,0.3,116,139.2,-11.375000000000002,-1.3211660957718268,0.46551724137931033,0.27586206896551724,-39.45,-0.09806034482758617
0.25,0.55,0.1,118,141.6,2.575000000000002,0.4913023057173668,0.788135593220339,0.7627118644067796,-11.824999999999998,0.0218220338983051
0.25,0.55,0.12,118,141.6,0.9000000000000008,0.16906255926436492,0.7457627118644068,0.711864406779661,-11.625,0.007627118644067807
0.25,0.55,0.15,118,141.6,4.1000000000000005,0.5919732601093725,0.6949152542372882,0.635593220338983,-13.825,0.034745762711864414
0.25,0.55,0.18,118,141.6,11.174999999999992,1.5358760709769743,0.6779661016949152,0.6101694915254238,-11.825000000000001,0.09470338983050844
0.25,0.55,0.2,118,141.6,5.025000000000002,0.6741046532150009,0.635593220338983,0.559322033898305,-15.774999999999999,0.04258474576271188
0.25,0.55,0.22,118,141.6,-9.724999999999993,-1.2896266294359948,0.5677966101694916,0.4745762711864407,-33.125,-0.08241525423728809
0.25,0.55,0.25,118,141.6,-10.825000000000005,-1.3367191502679772,0.5254237288135594,0.3983050847457627,-33.475,-0.09173728813559319
0.25,0.55,0.3,118,141.6,-8.375000000000002,-0.9822495987597367,0.4745762711864407,0.288135593220339,-36.45,-0.07097457627118645
0.25,0.6,0.1,118,141.6,2.575000000000002,0.4913023057173668,0.788135593220339,0.7627118644067796,-11.824999999999998,0.0218220338983051
0.25,0.6,0.12,118,141.6,0.9000000000000008,0.16906255926436492,0.7457627118644068,0.711864406779661,-11.625,0.007627118644067807
0.25,0.6,0.15,118,141.6,4.1000000000000005,0.5919732601093725,0.6949152542372882,0.635593220338983,-13.825,0.034745762711864414
0.25,0.6,0.18,118,141.6,11.174999999999992,1.5358760709769743,0.6779661016949152,0.6101694915254238,-11.825000000000001,0.09470338983050844
0.25,0.6,0.2,118,141.6,5.025000000000002,0.6741046532150009,0.635593220338983,0.559322033898305,-15.774999999999999,0.04258474576271188
0.25,0.6,0.22,118,141.6,-9.724999999999993,-1.2896266294359948,0.5677966101694916,0.4745762711864407,-33.125,-0.08241525423728809
0.25,0.6,0.25,118,141.6,-10.825000000000005,-1.3367191502679772,0.5254237288135594,0.3983050847457627,-33.475,-0.09173728813559319
0.25,0.6,0.3,118,141.6,-8.375000000000002,-0.9822495987597367,0.4745762711864407,0.288135593220339,-36.45,-0.07097457627118645
0.25,0.65,0.1,118,141.6,2.575000000000002,0.4913023057173668,0.788135593220339,0.7627118644067796,-11.824999999999998,0.0218220338983051
0.25,0.65,0.12,118,141.6,0.9000000000000008,0.16906255926436492,0.7457627118644068,0.711864406779661,-11.625,0.007627118644067807
0.25,0.65,0.15,118,141.6,4.1000000000000005,0.5919732601093725,0.6949152542372882,0.635593220338983,-13.825,0.034745762711864414
0.25,0.65,0.18,118,141.6,11.174999999999992,1.5358760709769743,0.6779661016949152,0.6101694915254238,-11.825000000000001,0.09470338983050844
0.25,0.65,0.2,118,141.6,5.025000000000002,0.6741046532150009,0.635593220338983,0.559322033898305,-15.774999999999999,0.04258474576271188
0.25,0.65,0.22,118,141.6,-9.724999999999993,-1.2896266294359948,0.5677966101694916,0.4745762711864407,-33.125,-0.08241525423728809
0.25,0.65,0.25,118,141.6,-10.825000000000005,-1.3367191502679772,0.5254237288135594,0.3983050847457627,-33.475,-0.09173728813559319
0.25,0.65,0.3,118,141.6,-8.375000000000002,-0.9822495987597367,0.4745762711864407,0.288135593220339,-36.45,-0.07097457627118645
0.25,0.7,0.1,118,141.6,2.575000000000002,0.4913023057173668,0.788135593220339,0.7627118644067796,-11.824999999999998,0.0218220338983051
0.25,0.7,0.12,118,141.6,0.9000000000000008,0.16906255926436492,0.7457627118644068,0.711864406779661,-11.625,0.007627118644067807
0.25,0.7,0.15,118,141.6,4.1000000000000005,0.5919732601093725,0.6949152542372882,0.635593220338983,-13.825,0.034745762711864414
0.25,0.7,0.18,118,141.6,11.174999999999992,1.5358760709769743,0.6779661016949152,0.6101694915254238,-11.825000000000001,0.09470338983050844
0.25,0.7,0.2,118,141.6,5.025000000000002,0.6741046532150009,0.635593220338983,0.559322033898305,-15.774999999999999,0.04258474576271188
0.25,0.7,0.22,118,141.6,-9.724999999999993,-1.2896266294359948,0.5677966101694916,0.4745762711864407,-33.125,-0.08241525423728809
0.25,0.7,0.25,118,141.6,-10.825000000000005,-1.3367191502679772,0.5254237288135594,0.3983050847457627,-33.475,-0.09173728813559319
0.25,0.7,0.3,118,141.6,-8.375000000000002,-0.9822495987597367,0.4745762711864407,0.288135593220339,-36.45,-0.07097457627118645
0.3,0.45,0.1,101,121.2,-4.449999999999998,-0.9700962456962977,0.7722772277227723,0.7623762376237624,-13.999999999999998,-0.044059405940594064
0.3,0.45,0.12,101,121.2,-4.325000000000001,-0.8863178590929192,0.7326732673267327,0.7128712871287128,-14.7,-0.042821782178217825
0.3,0.45,0.15,101,121.2,0.10000000000000142,0.015704715077064037,0.6831683168316832,0.6336633663366337,-14.9,0.0009900990099009866
0.3,0.45,0.18,101,121.2,8.749999999999995,1.3543436938688793,0.6732673267326733,0.6138613861386139,-9.725000000000003,0.0866336633663366
0.3,0.45,0.2,101,121.2,4.975,0.7399078748530297,0.6336633663366337,0.5643564356435643,-13.375,0.04925742574257426
0.3,0.45,0.22,101,121.2,-10.674999999999995,-1.5482830837820445,0.5544554455445545,0.46534653465346537,-30.424999999999994,-0.10569306930693065
0.3,0.45,0.25,101,121.2,-14.500000000000002,-1.9760101303843125,0.504950495049505,0.38613861386138615,-33.05,-0.14356435643564358
0.3,0.45,0.3,101,121.2,-11.275000000000004,-1.4301261620637447,0.45544554455445546,0.26732673267326734,-37.275000000000006,-0.11163366336633664
0.3,0.5,0.1,115,138.0,1.075000000000002,0.20508071591395566,0.782608695652174,0.7565217391304347,-12.824999999999998,0.00934782608695653
0.3,0.5,0.12,115,138.0,-0.8999999999999981,-0.16763155635473231,0.7391304347826086,0.7043478260869566,-12.825,-0.007826086956521712
0.3,0.5,0.15,115,138.0,1.8500000000000005,0.26572267699511987,0.6869565217391305,0.6260869565217392,-15.324999999999998,0.016086956521739144
0.3,0.5,0.18,115,138.0,8.47499999999999,1.1586684724043141,0.6695652173913044,0.6,-13.625,0.07369565217391301
0.3,0.5,0.2,115,138.0,2.0250000000000004,0.2708544458894099,0.6260869565217392,0.5478260869565217,-17.775,0.017608695652173947
0.3,0.5,0.22,115,138.0,-13.024999999999993,-1.7089796622958195,0.5565217391304348,0.4608695652173913,-35.324999999999996,-0.11326086956521735
0.3,0.5,0.25,115,138.0,-14.575000000000005,-1.78410211555307,0.5130434782608696,0.3826086956521739,-35.975,-0.12673913043478258
0.3,0.5,0.3,115,138.0,-10.100000000000003,-1.1765578236434444,0.46956521739130436,0.2782608695652174,-39.45,-0.08782608695652172
0.3,0.55,0.1,117,140.39999999999998,2.075000000000002,0.3976714376799625,0.7863247863247863,0.7606837606837606,-11.824999999999998,0.017735042735042752
0.3,0.55,0.12,117,140.39999999999998,0.3000000000000007,0.056105343417161106,0.7435897435897436,0.7094017094017094,-11.624999999999998,0.0025641025641025854
0.3,0.55,0.15,117,140.39999999999998,3.3500000000000005,0.48235205405745385,0.6923076923076923,0.6324786324786325,-13.824999999999998,0.028632478632478652
0.3,0.55,0.18,117,140.39999999999998,10.274999999999991,1.4083594483148452,0.6752136752136753,0.6068376068376068,-11.825000000000001,0.0878205128205128
0.3,0.55,0.2,117,140.39999999999998,4.025,0.538943149626509,0.6324786324786325,0.5555555555555556,-15.774999999999999,0.034401709401709425
0.3,0.55,0.22,117,140.39999999999998,-10.824999999999994,-1.435106427488696,0.5641025641025641,0.4700854700854701,-33.125,-0.09252136752136746
0.3,0.55,0.25,117,140.39999999999998,-12.075000000000005,-1.492105762525521,0.5213675213675214,0.39316239316239315,-33.475,-0.10320512820512817
0.3,0.55,0.3,117,140.39999999999998,-7.100000000000002,-0.8354101818231623,0.47863247863247865,0.2905982905982906,-36.45,-0.06068376068376066
0.3,0.6,0.1,117,140.39999999999998,2.075000000000002,0.3976714376799625,0.7863247863247863,0.7606837606837606,-11.824999999999998,0.017735042735042752
0.3,0.6,0.12,117,140.39999999999998,0.3000000000000007,0.056105343417161106,0.7435897435897436,0.7094017094017094,-11.624999999999998,0.0025641025641025854
0.3,0.6,0.15,117,140.39999999999998,3.3500000000000005,0.48235205405745385,0.6923076923076923,0.6324786324786325,-13.824999999999998,0.028632478632478652
0.3,0.6,0.18,117,140.39999999999998,10.274999999999991,1.4083594483148452,0.6752136752136753,0.6068376068376068,-11.825000000000001,0.0878205128205128
0.3,0.6,0.2,117,140.39999999999998,4.025,0.538943149626509,0.6324786324786325,0.5555555555555556,-15.774999999999999,0.034401709401709425
0.3,0.6,0.22,117,140.39999999999998,-10.824999999999994,-1.435106427488696,0.5641025641025641,0.4700854700854701,-33.125,-0.09252136752136746
0.3,0.6,0.25,117,140.39999999999998,-12.075000000000005,-1.492105762525521,0.5213675213675214,0.39316239316239315,-33.475,-0.10320512820512817
0.3,0.6,0.3,117,140.39999999999998,-7.100000000000002,-0.8354101818231623,0.47863247863247865,0.2905982905982906,-36.45,-0.06068376068376066
0.3,0.65,0.1,117,140.39999999999998,2.075000000000002,0.3976714376799625,0.7863247863247863,0.7606837606837606,-11.824999999999998,0.017735042735042752
0.3,0.65,0.12,117,140.39999999999998,0.3000000000000007,0.056105343417161106,0.7435897435897436,0.7094017094017094,-11.624999999999998,0.0025641025641025854
0.3,0.65,0.15,117,140.39999999999998,3.3500000000000005,0.48235205405745385,0.6923076923076923,0.6324786324786325,-13.824999999999998,0.028632478632478652
0.3,0.65,0.18,117,140.39999999999998,10.274999999999991,1.4083594483148452,0.6752136752136753,0.6068376068376068,-11.825000000000001,0.0878205128205128
0.3,0.65,0.2,117,140.39999999999998,4.025,0.538943149626509,0.6324786324786325,0.5555555555555556,-15.774999999999999,0.034401709401709425
0.3,0.65,0.22,117,140.39999999999998,-10.824999999999994,-1.435106427488696,0.5641025641025641,0.4700854700854701,-33.125,-0.09252136752136746
0.3,0.65,0.25,117,140.39999999999998,-12.075000000000005,-1.492105762525521,0.5213675213675214,0.39316239316239315,-33.475,-0.10320512820512817
0.3,0.65,0.3,117,140.39999999999998,-7.100000000000002,-0.8354101818231623,0.47863247863247865,0.2905982905982906,-36.45,-0.06068376068376066
0.3,0.7,0.1,117,140.39999999999998,2.075000000000002,0.3976714376799625,0.7863247863247863,0.7606837606837606,-11.824999999999998,0.017735042735042752
0.3,0.7,0.12,117,140.39999999999998,0.3000000000000007,0.056105343417161106,0.7435897435897436,0.7094017094017094,-11.624999999999998,0.0025641025641025854
0.3,0.7,0.15,117,140.39999999999998,3.3500000000000005,0.48235205405745385,0.6923076923076923,0.6324786324786325,-13.824999999999998,0.028632478632478652
0.3,0.7,0.18,117,140.39999999999998,10.274999999999991,1.4083594483148452,0.6752136752136753,0.6068376068376068,-11.825000000000001,0.0878205128205128
0.3,0.7,0.2,117,140.39999999999998,4.025,0.538943149626509,0.6324786324786325,0.5555555555555556,-15.774999999999999,0.034401709401709425
0.3,0.7,0.22,117,140.39999999999998,-10.824999999999994,-1.435106427488696,0.5641025641025641,0.4700854700854701,-33.125,-0.09252136752136746
0.3,0.7,0.25,117,140.39999999999998,-12.075000000000005,-1.492105762525521,0.5213675213675214,0.39316239316239315,-33.475,-0.10320512820512817
0.3,0.7,0.3,117,140.39999999999998,-7.100000000000002,-0.8354101818231623,0.47863247863247865,0.2905982905982906,-36.45,-0.06068376068376066
0.35,0.45,0.1,93,111.60000000000001,-6.224999999999999,-1.4467554605489081,0.7634408602150538,0.7526881720430108,-12.775,-0.0669354838709677
0.35,0.45,0.12,93,111.60000000000001,-4.550000000000002,-0.9808135365577854,0.7311827956989247,0.7096774193548387,-13.575000000000001,-0.048924731182795715
0.35,0.45,0.15,93,111.60000000000001,1.4000000000000021,0.2333171942923839,0.6881720430107527,0.6344086021505376,-13.175,0.015053763440860228
0.35,0.45,0.18,93,111.60000000000001,9.299999999999994,1.536762436008459,0.6774193548387096,0.6129032258064516,-7.925000000000001,0.09999999999999995
0.35,0.45,0.2,93,111.60000000000001,5.025,0.7960976123527115,0.6344086021505376,0.5591397849462365,-11.175,0.05403225806451615
0.35,0.45,0.22,93,111.60000000000001,-9.449999999999998,-1.5107566699778021,0.5483870967741935,0.44086021505376344,-26.149999999999995,-0.10161290322580646
0.35,0.45,0.25,93,111.60000000000001,-13.275000000000004,-1.9427391018669342,0.5053763440860215,0.3763440860215054,-28.375000000000007,-0.14274193548387093
0.35,0.45,0.3,93,111.60000000000001,-15.000000000000002,-1.8886948063792106,0.45161290322580644,0.26881720430107525,-33.35,-0.16129032258064513
0.35,0.5,0.1,109,130.8,0.3000000000000007,0.05972386889750653,0.7798165137614679,0.7522935779816514,-11.6,0.002752293577981674
0.35,0.5,0.12,109,130.8,0.0750000000000024,0.01447760809004892,0.7431192660550459,0.7064220183486238,-11.700000000000001,0.0006880733944954308
0.35,0.5,0.15,109,130.8,4.6499999999999995,0.6984710476648723,0.6972477064220184,0.6330275229357798,-13.6,0.04266055045871561
0.35,0.5,0.18,109,130.8,12.524999999999997,1.7614801679029768,0.6788990825688074,0.5963302752293578,-13.625000000000002,0.11490825688073393
0.35,0.5,0.2,109,130.8,5.675000000000001,0.8030943806648541,0.6330275229357798,0.5412844036697247,-15.575,0.05206422018348626
0.35,0.5,0.22,109,130.8,-8.1,-1.1505989800381977,0.5596330275229358,0.44036697247706424,-31.04999999999999,-0.07431192660550466
0.35,0.5,0.25,109,130.8,-9.500000000000002,-1.2308332232862442,0.5229357798165137,0.3761467889908257,-31.300000000000004,-0.08715596330275233
0.35,0.5,0.3,109,130.8,-9.724999999999996,-1.1099486103133105,0.47706422018348627,0.28440366972477066,-35.525,-0.08922018348623854
0.35,0.55,0.1,111,133.20000000000002,1.3000000000000007,0.2600658777990181,0.7837837837837838,0.7567567567567568,-10.6,0.011711711711711726
0.35,0.55,0.12,111,133.20000000000002,1.2750000000000026,0.24724328555634967,0.7477477477477478,0.7117117117117117,-10.5,0.011486486486486522
0.35,0.55,0.15,111,133.20000000000002,6.1499999999999995,0.9266172331212693,0.7027027027027027,0.6396396396396397,-12.099999999999998,0.05540540540540542
0.35,0.55,0.18,111,133.20000000000002,14.324999999999994,2.021281636075366,0.6846846846846847,0.6036036036036037,-11.825000000000003,0.12905405405405407
0.35,0.55,0.2,111,133.20000000000002,7.675000000000001,1.0880749486431895,0.6396396396396397,0.5495495495495496,-13.575,0.06914414414414415
0.35,0.55,0.22,111,133.20000000000002,-5.899999999999996,-0.8491133573699226,0.5675675675675675,0.45045045045045046,-28.849999999999994,-0.05315315315315321
0.35,0.55,0.25,111,133.20000000000002,-6.999999999999999,-0.9173951612899148,0.5315315315315315,0.38738738738738737,-28.8,-0.06306306306306306
0.35,0.55,0.3,111,133.20000000000002,-6.724999999999999,-0.7750065915900386,0.4864864864864865,0.2972972972972973,-32.525,-0.0605855855855856
0.35,0.6,0.1,111,133.20000000000002,1.3000000000000007,0.2600658777990181,0.7837837837837838,0.7567567567567568,-10.6,0.011711711711711726
0.35,0.6,0.12,111,133.20000000000002,1.2750000000000026,0.24724328555634967,0.7477477477477478,0.7117117117117117,-10.5,0.011486486486486522
0.35,0.6,0.15,111,133.20000000000002,6.1499999999999995,0.9266172331212693,0.7027027027027027,0.6396396396396397,-12.099999999999998,0.05540540540540542
0.35,0.6,0.18,111,133.20000000000002,14.324999999999994,2.021281636075366,0.6846846846846847,0.6036036036036037,-11.825000000000003,0.12905405405405407
0.35,0.6,0.2,111,133.20000000000002,7.675000000000001,1.0880749486431895,0.6396396396396397,0.5495495495495496,-13.575,0.06914414414414415
0.35,0.6,0.22,111,133.20000000000002,-5.899999999999996,-0.8491133573699226,0.5675675675675675,0.45045045045045046,-28.849999999999994,-0.05315315315315321
0.35,0.6,0.25,111,133.20000000000002,-6.999999999999999,-0.9173951612899148,0.5315315315315315,0.38738738738738737,-28.8,-0.06306306306306306
0.35,0.6,0.3,111,133.20000000000002,-6.724999999999999,-0.7750065915900386,0.4864864864864865,0.2972972972972973,-32.525,-0.0605855855855856
0.35,0.65,0.1,111,133.20000000000002,1.3000000000000007,0.2600658777990181,0.7837837837837838,0.7567567567567568,-10.6,0.011711711711711726
0.35,0.65,0.12,111,133.20000000000002,1.2750000000000026,0.24724328555634967,0.7477477477477478,0.7117117117117117,-10.5,0.011486486486486522
0.35,0.65,0.15,111,133.20000000000002,6.1499999999999995,0.9266172331212693,0.7027027027027027,0.6396396396396397,-12.099999999999998,0.05540540540540542
0.35,0.65,0.18,111,133.20000000000002,14.324999999999994,2.021281636075366,0.6846846846846847,0.6036036036036037,-11.825000000000003,0.12905405405405407
0.35,0.65,0.2,111,133.20000000000002,7.675000000000001,1.0880749486431895,0.6396396396396397,0.5495495495495496,-13.575,0.06914414414414415
0.35,0.65,0.22,111,133.20000000000002,-5.899999999999996,-0.8491133573699226,0.5675675675675675,0.45045045045045046,-28.849999999999994,-0.05315315315315321
0.35,0.65,0.25,111,133.20000000000002,-6.999999999999999,-0.9173951612899148,0.5315315315315315,0.38738738738738737,-28.8,-0.06306306306306306
0.35,0.65,0.3,111,133.20000000000002,-6.724999999999999,-0.7750065915900386,0.4864864864864865,0.2972972972972973,-32.525,-0.0605855855855856
0.35,0.7,0.1,111,133.20000000000002,1.3000000000000007,0.2600658777990181,0.7837837837837838,0.7567567567567568,-10.6,0.011711711711711726
0.35,0.7,0.12,111,133.20000000000002,1.2750000000000026,0.24724328555634967,0.7477477477477478,0.7117117117117117,-10.5,0.011486486486486522
0.35,0.7,0.15,111,133.20000000000002,6.1499999999999995,0.9266172331212693,0.7027027027027027,0.6396396396396397,-12.099999999999998,0.05540540540540542
0.35,0.7,0.18,111,133.20000000000002,14.324999999999994,2.021281636075366,0.6846846846846847,0.6036036036036037,-11.825000000000003,0.12905405405405407
0.35,0.7,0.2,111,133.20000000000002,7.675000000000001,1.0880749486431895,0.6396396396396397,0.5495495495495496,-13.575,0.06914414414414415
0.35,0.7,0.22,111,133.20000000000002,-5.899999999999996,-0.8491133573699226,0.5675675675675675,0.45045045045045046,-28.849999999999994,-0.05315315315315321
0.35,0.7,0.25,111,133.20000000000002,-6.999999999999999,-0.9173951612899148,0.5315315315315315,0.38738738738738737,-28.8,-0.06306306306306306
0.35,0.7,0.3,111,133.20000000000002,-6.724999999999999,-0.7750065915900386,0.4864864864864865,0.2972972972972973,-32.525,-0.0605855855855856
